"","V1","V2","V3","V4","V5","V6","V7","V8","V9","V10","V11","V12","V13","V14","V15","V16","V17","V18","V19"
"1",3,5,3,4,3,4,3,4,4,3,3,3,3,4,3,3,3,4,3
"2",3,4,4,4,3,3,3,3,4,4,3,3,3,4,3,4,4,3,3
"3",3,3,3,3,4,4,3,3,3,3,5,3,4,4,4,4,3,3,4
"4",4,3,4,3,3,4,3,4,3,4,5,4,4,4,3,4,4,3,3
"5",4,3,3,4,3,4,4,4,3,3,3,3,3,4,4,3,4,3,3
"6",3,3,3,3,3,4,3,4,4,4,4,3,4,2,3,3,4,4,4
"7",4,4,4,4,3,4,5,4,4,3,3,4,4,5,4,4,6,2,4
"8",3,3,3,3,4,4,3,3,3,4,4,2,5,4,4,3,4,3,4
"9",3,3,5,3,4,3,4,3,3,3,4,3,5,3,3,4,3,3,3
"10",4,4,3,4,4,3,4,3,2,3,3,3,3,3,2,4,4,3,4
"11",3,3,3,3,4,4,4,3,3,4,3,3,4,4,2,3,3,4,3
"12",3,4,3,4,3,4,3,4,3,4,4,3,3,3,3,4,4,5,4
"13",3,3,3,3,3,3,3,3,3,3,3,4,3,3,3,3,3,3,3
"14",3,3,3,3,3,3,3,3,3,3,3,3,4,3,3,3,3,3,4
"15",4,3,3,3,3,3,4,3,3,4,3,3,3,3,3,3,3,3,3
"16",4,2,3,3,3,4,3,4,4,4,3,3,3,3,4,4,3,3,3
"17",3,3,3,4,3,3,4,4,4,4,3,4,5,3,3,4,3,3,3
"18",3,3,3,4,2,3,4,4,4,3,3,4,4,3,3,3,3,4,3
"19",3,4,4,3,4,4,4,3,3,4,3,3,4,3,4,4,3,3,4
"20",4,4,3,3,4,3,3,3,3,4,3,3,4,3,3,3,3,3,4
"21",3,4,3,3,4,4,3,4,4,5,3,4,4,4,4,3,3,3,3
"22",3,3,2,3,4,2,4,4,2,3,4,3,3,4,4,3,3,3,4
"23",3,3,3,4,3,4,4,5,4,3,4,4,4,3,4,5,4,4,3
"24",3,3,2,5,4,3,4,3,3,4,3,4,3,3,4,3,3,3,3
"25",3,3,3,3,4,4,3,2,4,4,3,4,4,3,5,4,3,3,3
"26",4,4,3,4,5,4,4,4,3,4,3,4,4,3,3,5,3,3,2
"27",3,4,3,4,5,4,3,5,4,4,5,4,3,3,3,3,3,2,5
"28",4,3,4,3,3,3,3,3,3,4,3,4,3,4,4,3,2,4,3
"29",4,4,3,4,3,4,3,4,5,5,3,5,4,3,3,4,3,4,3
"30",3,3,3,4,3,3,3,3,4,3,3,3,3,4,5,3,3,3,3
"31",5,3,2,3,3,4,4,3,5,3,3,3,3,4,4,4,6,3,3
"32",3,4,3,3,3,4,3,3,3,4,3,3,3,3,3,3,4,4,4
"33",4,3,3,3,4,5,4,3,3,3,3,3,4,3,6,5,3,3,4
"34",4,5,3,4,4,3,3,2,4,2,3,6,2,4,4,3,3,3,4
"35",4,4,3,4,3,4,4,3,3,4,4,3,2,5,3,4,3,6,3
"36",3,3,4,3,3,4,3,3,3,4,4,3,4,4,3,4,4,3,3
"37",2,3,3,3,3,3,3,4,6,5,4,3,4,4,3,3,3,4,4
"38",3,3,3,3,4,4,5,3,4,4,3,5,3,3,2,4,4,4,4
"39",2,4,3,5,5,3,4,4,4,3,5,3,4,4,4,4,4,3,2
"40",3,3,4,3,4,3,4,3,3,3,3,4,3,3,5,2,5,3,3
"41",3,3,3,3,3,1,3,2,3,2,4,3,3,4,5,3,2,4,3
"42",3,4,3,2,4,3,3,4,3,3,3,3,4,4,3,3,4,4,3
"43",4,3,3,3,3,3,3,3,2,3,3,3,4,3,3,3,3,3,3
"44",3,4,3,3,3,3,3,5,3,4,4,3,4,2,4,3,4,3,4
"45",3,1,3,3,2,2,4,3,2,3,3,3,3,3,3,3,4,2,3
"46",3,3,3,3,3,3,4,4,5,3,4,4,3,3,3,6,3,4,5
"47",3,3,4,4,3,4,3,4,5,2,5,3,4,5,5,5,4,5,3
"48",4,3,4,4,3,5,2,4,3,3,4,4,3,4,4,4,4,4,5
"49",3,3,2,4,2,3,3,4,3,1,3,4,2,3,3,3,4,3,4
"50",2,3,3,3,3,3,3,3,3,3,3,3,3,3,3,3,4,4,3
"51",3,4,3,3,4,4,4,3,3,4,4,4,3,5,3,3,5,4,3
"52",3,5,4,3,4,3,3,4,3,4,4,3,2,4,4,4,4,4,4
"53",5,4,4,4,4,3,4,5,4,4,5,3,5,4,5,5,4,4,3
"54",3,3,3,3,3,3,4,3,3,3,5,5,3,4,3,4,3,3,3
"55",3,3,4,2,3,3,3,3,3,4,4,3,3,4,3,5,4,3,4
"56",3,3,3,3,4,5,4,4,3,4,4,4,2,4,5,4,3,3,4
"57",3,4,4,4,3,3,5,4,3,1,3,3,4,3,3,5,3,4,4
"58",4,3,3,3,3,3,3,3,5,3,3,3,4,4,3,4,3,3,2
"59",4,3,3,4,3,3,4,3,4,3,3,4,3,4,3,3,4,3,3
"60",3,3,3,3,2,3,5,3,3,3,4,3,3,4,4,3,4,3,4
"61",5,2,5,1,5,2,4,3,3,4,3,5,2,4,5,3,4,4,5
"62",4,4,3,4,4,3,3,3,4,3,3,3,3,3,3,4,4,3,4
"63",3,4,2,3,3,4,4,4,4,4,4,5,3,3,5,3,2,2,4
"64",3,4,3,4,4,4,3,3,3,3,3,4,2,4,4,4,3,3,3
"65",4,3,3,3,5,3,3,3,3,4,5,4,3,4,3,3,4,4,4
"66",3,4,4,3,5,3,5,2,3,4,3,3,5,6,3,4,3,3,3
"67",3,4,3,3,4,4,3,3,3,3,3,4,5,3,3,4,3,3,5
"68",3,3,4,4,3,3,4,3,4,3,4,4,3,4,4,3,3,3,5
"69",4,3,3,3,3,4,4,5,3,4,4,4,3,4,3,3,4,3,4
"70",4,3,3,4,3,3,4,4,4,4,2,3,3,4,3,3,4,3,6
"71",3,3,4,4,3,3,4,4,4,4,5,5,3,3,4,3,3,3,4
"72",4,6,4,5,5,4,2,5,4,2,3,5,4,5,4,3,4,3,4
"73",4,3,4,3,3,2,3,3,4,4,3,3,3,3,5,2,3,3,3
"74",3,3,3,3,3,3,3,3,3,3,3,4,3,3,3,3,3,3,3
"75",4,3,3,4,4,3,2,3,4,3,3,3,3,4,4,3,3,3,2
"76",3,3,3,3,3,4,3,3,3,3,3,4,4,4,4,4,4,3,3
"77",3,3,3,4,3,4,3,3,3,3,4,3,3,4,3,4,3,4,3
"78",3,3,5,3,3,3,4,3,3,4,4,3,5,4,3,3,3,5,2
"79",3,3,3,3,3,3,4,4,4,3,4,3,4,4,4,4,4,3,4
"80",4,4,4,3,4,4,4,4,4,4,3,5,3,4,5,4,4,4,5
"81",3,3,3,3,3,3,3,3,3,3,3,3,3,3,3,4,4,3,3
"82",4,3,3,3,3,3,4,3,3,3,3,4,3,4,3,4,4,3,5
"83",3,3,3,3,3,3,3,3,3,3,3,2,3,3,3,3,3,3,3
"84",4,3,3,2,4,4,4,3,4,5,3,3,3,3,4,4,3,3,4
"85",3,3,3,3,3,3,3,3,3,3,3,3,3,3,3,3,3,3,3
"86",3,3,3,3,3,3,3,3,3,3,3,3,3,3,3,3,3,3,3
"87",3,5,3,4,3,3,3,3,4,4,4,4,5,6,4,4,4,6,4
"88",5,3,3,5,3,3,3,3,3,3,3,3,3,3,3,3,4,3,3
"89",3,3,3,4,4,3,3,4,2,4,2,3,3,3,3,3,3,4,4
"90",3,3,4,3,3,3,4,4,3,3,4,3,3,5,3,5,4,3,3
"91",4,5,2,3,3,5,1,3,4,3,2,3,3,4,4,1,4,4,4
"92",5,3,4,4,3,4,2,3,4,3,4,4,3,4,3,4,4,4,5
"93",3,3,3,3,4,3,5,3,3,4,3,4,4,3,3,4,3,1,5
"94",4,3,5,2,3,3,3,3,3,3,4,4,4,3,3,2,3,3,3
"95",3,2,3,4,3,4,3,3,4,3,4,4,3,3,4,4,4,3,3
"96",4,4,4,4,3,3,3,3,3,4,3,3,3,4,3,3,3,4,4
"97",4,3,3,3,3,3,3,4,3,4,3,3,4,4,3,4,3,4,3
"98",4,3,4,3,4,4,4,3,3,3,3,3,2,4,3,4,2,3,3
"99",3,3,4,3,4,3,3,3,3,3,3,4,2,3,3,3,4,4,4
"100",3,3,3,3,3,3,3,3,3,3,4,3,3,3,3,3,3,3,3
"101",3,4,4,4,4,3,3,4,3,3,4,4,3,2,4,4,4,3,4
"102",4,3,3,4,3,3,3,3,3,3,3,3,5,3,3,3,5,3,3
"103",3,3,3,3,3,3,3,3,3,3,3,4,4,5,3,3,3,4,3
"104",3,4,4,3,4,4,3,4,3,3,4,4,5,4,3,5,4,4,4
"105",4,2,3,3,3,3,4,3,3,3,3,4,3,4,4,3,4,4,4
"106",3,4,4,3,4,3,3,3,3,3,3,3,5,3,3,3,2,4,4
"107",4,4,3,4,4,4,3,3,2,3,3,4,4,4,4,3,4,3,4
"108",2,3,3,3,3,4,3,3,4,3,3,3,3,5,3,4,3,3,4
"109",3,3,3,3,3,4,2,4,4,3,4,4,3,4,3,4,3,5,3
"110",3,3,3,3,3,3,6,3,2,3,4,3,5,3,4,3,3,4,4
"111",6,3,4,3,3,3,3,3,2,3,3,4,3,4,3,4,3,3,2
"112",3,5,4,3,3,4,3,4,3,3,4,3,3,4,3,3,3,3,4
"113",3,3,3,3,3,4,4,5,3,3,5,3,3,3,3,3,3,3,3
"114",3,4,3,3,4,4,4,3,3,4,4,3,3,6,3,3,3,3,4
"115",4,2,3,3,3,4,3,4,4,2,5,3,3,3,4,2,3,3,4
"116",4,2,3,3,3,3,4,4,2,4,5,3,3,4,3,3,2,3,2
"117",4,4,4,4,3,3,3,3,4,2,3,4,5,4,2,4,3,3,3
"118",2,4,4,3,3,4,3,3,3,3,4,3,3,4,4,3,3,4,3
"119",3,3,3,3,3,3,3,3,3,3,3,3,4,3,3,3,3,3,3
"120",5,3,3,3,4,4,4,3,3,3,3,3,3,3,3,3,4,3,5
"121",3,3,4,3,3,3,4,3,3,2,4,4,6,4,5,3,5,4,4
"122",5,5,3,4,4,3,3,3,4,5,4,4,4,4,4,6,3,3,5
"123",3,3,4,4,4,3,3,3,4,4,3,4,3,3,3,3,4,3,3
"124",4,3,4,4,3,3,3,3,3,3,4,3,3,4,3,3,4,3,3
"125",4,4,4,3,3,4,4,4,2,4,3,3,4,3,4,4,3,3,3
"126",3,3,3,3,3,3,3,5,4,5,4,3,3,3,3,3,3,3,3
"127",3,3,4,3,3,3,3,5,4,3,3,3,3,3,3,4,3,3,5
"128",4,4,3,3,4,4,3,4,4,4,3,4,4,4,4,4,3,3,3
"129",3,4,3,4,3,3,3,4,3,3,4,3,3,3,3,2,3,3,4
"130",3,3,3,3,3,3,3,3,3,3,3,3,3,3,3,3,3,3,4
"131",4,4,3,3,3,3,4,4,4,4,4,3,3,3,3,4,3,3,5
"132",3,3,3,3,3,3,2,6,3,3,4,3,4,3,3,4,5,4,4
"133",4,4,5,4,3,4,4,3,5,4,3,3,3,3,3,3,3,4,4
"134",4,4,3,3,3,4,3,5,5,4,4,4,3,4,4,3,4,4,3
"135",3,3,3,2,3,5,4,3,4,2,3,1,3,3,3,5,4,5,3
"136",3,4,4,3,3,5,3,4,3,3,4,4,3,4,4,4,4,4,3
"137",3,4,3,3,4,3,3,3,3,4,4,3,3,3,3,3,3,3,3
"138",3,3,3,3,3,3,3,3,3,3,3,3,3,3,3,3,3,2,3
"139",3,3,3,3,3,3,3,3,3,3,3,3,3,3,3,3,2,3,3
"140",3,3,3,3,2,4,3,3,3,4,4,3,3,4,3,4,5,4,5
"141",4,3,4,3,4,3,3,3,4,2,4,5,4,4,3,5,3,3,3
"142",3,4,3,4,3,3,3,4,4,3,3,3,4,2,4,3,3,4,3
"143",3,3,3,3,5,3,3,3,3,3,3,4,3,4,4,3,4,3,3
"144",4,3,3,4,4,4,4,5,1,4,2,3,3,3,4,4,4,4,5
"145",3,3,3,3,2,3,3,3,3,3,3,3,3,3,3,3,4,3,3
"146",3,3,3,3,3,3,2,3,3,3,3,3,3,3,3,3,3,3,3
"147",3,3,3,3,4,4,4,3,3,5,3,3,3,3,3,3,4,4,5
"148",3,3,5,3,4,3,3,4,3,3,5,3,4,3,3,3,3,3,3
"149",3,3,3,4,4,3,3,3,4,4,4,3,5,4,4,4,2,3,4
"150",3,3,4,4,2,4,3,4,3,4,5,3,4,3,3,3,3,4,4
"151",4,3,3,3,4,3,3,3,4,4,4,3,4,4,3,2,3,3,3
"152",4,3,2,5,4,1,2,3,4,3,4,4,2,4,3,5,3,3,4
"153",3,3,3,3,3,4,2,4,3,4,4,4,3,3,3,3,4,4,3
"154",5,5,4,3,3,4,4,4,3,4,5,3,3,4,3,4,4,5,5
"155",4,3,4,3,3,4,3,3,3,3,4,3,3,3,4,3,3,4,4
"156",1,5,4,3,5,3,3,4,3,3,3,3,4,4,4,4,3,4,3
"157",4,3,4,3,3,4,3,4,3,4,3,3,4,3,4,4,3,4,3
"158",3,3,4,3,3,4,3,4,2,3,3,4,3,3,3,4,4,3,3
"159",3,3,2,3,4,3,4,4,3,4,4,5,3,3,4,3,3,3,4
"160",3,3,3,4,3,4,3,3,3,3,3,5,3,3,3,3,3,4,3
"161",2,4,4,3,3,3,4,3,4,4,3,3,3,3,5,3,4,4,4
"162",2,3,3,3,3,4,4,3,4,4,4,3,4,4,3,4,3,3,3
"163",3,4,2,3,3,3,3,3,3,2,3,4,4,4,2,4,3,3,4
"164",3,3,4,3,4,2,3,3,3,4,3,3,3,3,3,3,3,4,4
"165",2,3,3,4,4,4,3,4,4,4,3,3,3,4,2,3,3,3,3
"166",4,4,4,3,4,3,4,3,4,4,4,4,4,4,4,3,3,4,4
"167",3,3,3,4,3,3,3,4,3,3,3,3,3,3,3,3,3,3,3
"168",3,3,3,3,4,4,4,3,3,3,3,3,3,3,3,3,3,3,3
"169",3,3,3,3,3,3,3,3,3,3,3,3,3,3,3,3,4,2,3
"170",1,3,4,4,5,4,3,4,5,4,4,4,3,3,4,3,4,4,4
"171",3,3,3,3,3,3,3,3,3,3,4,3,3,3,3,3,4,2,3
"172",4,4,3,4,4,4,3,2,3,3,3,4,4,4,4,3,5,4,3
"173",3,3,3,3,2,3,3,3,3,3,3,4,3,3,3,3,3,3,3
"174",2,3,3,4,3,3,3,3,4,3,4,3,3,3,4,4,3,4,3
"175",5,3,4,3,5,4,4,5,4,3,4,3,5,3,4,5,4,5,2
"176",6,5,5,3,4,3,4,4,3,3,3,3,5,3,3,3,3,4,3
"177",4,4,3,3,4,3,3,4,4,5,3,5,3,2,3,4,4,5,4
"178",3,3,4,3,4,3,5,3,4,4,4,3,3,3,2,4,4,4,3
"179",3,3,3,3,3,3,3,3,3,3,3,3,3,3,3,3,3,3,3
"180",3,3,3,4,3,5,3,4,5,4,3,4,4,3,4,4,3,3,4
"181",4,3,4,3,4,4,4,3,4,3,3,5,3,3,2,3,3,3,3
"182",4,4,3,3,3,3,3,4,4,4,3,4,3,5,4,4,3,3,4
"183",4,3,5,4,5,4,3,4,2,5,4,3,4,5,3,4,4,4,3
"184",2,3,3,3,3,3,3,3,3,3,3,4,3,3,3,3,3,3,3
"185",3,4,3,4,4,3,4,3,3,3,4,3,3,3,3,4,3,3,3
"186",5,3,5,4,3,3,4,4,3,4,5,4,3,4,3,4,4,5,4
"187",5,4,4,4,4,5,4,3,6,5,4,3,3,5,4,5,4,4,4
"188",2,4,3,3,4,3,4,3,3,3,3,3,4,3,4,3,3,3,3
"189",4,3,3,4,6,4,3,4,3,4,4,5,2,3,3,4,1,5,5
"190",3,4,3,4,4,4,4,3,3,4,3,3,3,4,4,2,3,4,4
"191",3,4,3,3,3,2,3,4,4,4,3,3,3,3,3,3,4,3,4
"192",3,3,3,3,2,3,3,3,3,3,3,3,4,3,3,3,3,3,3
"193",4,3,3,4,4,4,3,4,4,3,4,2,5,5,4,3,5,3,4
"194",4,3,3,2,3,3,3,3,4,4,3,3,4,3,4,3,3,5,4
"195",3,4,2,4,3,4,4,3,3,5,3,3,4,4,3,3,3,4,4
"196",3,3,3,4,3,3,3,4,3,3,3,3,3,3,3,3,3,3,3
"197",3,3,4,3,4,4,4,4,4,4,3,2,4,3,3,5,3,3,5
"198",3,4,4,3,4,3,4,3,3,3,3,3,3,3,2,4,4,3,3
"199",3,3,4,3,3,3,4,3,2,3,4,2,5,1,1,3,4,5,2
"200",4,4,3,3,3,4,3,4,4,3,3,4,5,3,3,4,4,3,4
"201",3,4,3,3,3,4,3,4,4,3,4,3,5,3,3,3,3,4,3
"202",3,3,3,3,3,4,4,3,4,4,4,4,4,3,4,4,4,3,4
"203",3,3,3,4,3,4,3,3,4,4,3,3,3,4,4,3,4,3,3
"204",3,3,3,4,5,4,3,3,4,4,3,2,3,3,3,2,4,3,5
"205",3,4,3,3,4,3,3,4,4,3,3,3,3,3,3,3,3,4,3
"206",4,3,3,3,3,4,3,3,3,5,3,3,3,3,3,3,3,3,3
"207",3,3,3,3,4,3,4,3,3,4,3,4,2,5,4,3,3,4,5
"208",4,3,4,3,3,4,3,4,4,4,3,4,5,3,3,3,4,3,3
"209",4,4,3,3,3,3,3,4,3,3,3,3,3,3,4,3,4,3,3
"210",4,4,3,3,4,3,4,3,3,3,3,3,3,3,3,3,4,4,3
"211",3,4,4,3,4,4,3,3,3,3,4,3,4,3,3,3,4,5,3
"212",3,3,4,3,3,4,2,3,3,2,3,4,3,4,3,4,2,4,3
"213",4,4,4,2,4,4,5,4,4,3,3,4,3,3,4,4,4,5,3
"214",3,3,3,3,3,3,3,3,3,3,4,3,3,4,3,5,2,3,3
"215",3,4,5,4,5,4,4,3,4,5,4,4,4,3,4,3,3,4,5
"216",5,2,3,4,3,4,3,4,4,3,3,4,3,4,4,3,4,3,4
"217",3,3,3,3,5,3,4,4,3,3,4,3,5,3,3,4,2,5,3
"218",3,3,4,3,4,3,4,3,3,4,2,3,3,4,3,3,4,3,3
"219",3,3,4,3,3,3,4,3,3,3,3,4,4,3,3,4,3,4,3
"220",2,3,4,4,3,4,4,4,5,3,4,3,3,4,4,3,3,4,3
"221",3,5,4,4,3,4,4,4,4,3,3,5,4,5,3,4,4,4,4
"222",5,4,4,5,5,4,5,4,4,3,4,3,4,4,4,4,4,5,3
"223",3,3,2,3,3,6,3,4,3,4,3,5,4,3,4,3,3,3,4
"224",3,3,3,4,3,3,3,3,3,3,3,3,3,3,3,3,3,3,3
"225",4,4,3,4,3,2,4,3,4,3,3,3,4,4,4,4,4,3,3
"226",4,3,3,3,3,3,4,2,3,4,4,3,3,3,3,3,4,3,3
"227",4,3,3,4,3,4,3,3,4,3,3,2,3,4,4,4,4,4,5
"228",4,4,3,3,4,3,3,2,3,4,5,4,4,4,3,4,5,3,3
"229",2,3,3,4,4,3,4,2,3,5,3,4,5,4,4,4,4,4,4
"230",3,3,3,3,4,4,2,3,3,4,4,4,4,3,4,3,4,3,4
"231",4,3,3,4,5,4,3,3,3,3,4,3,3,3,3,3,4,4,3
"232",4,4,4,4,3,4,4,4,4,4,3,1,5,4,3,4,4,3,3
"233",2,4,3,3,6,3,4,4,3,4,4,5,5,5,4,4,4,4,5
"234",4,4,4,4,5,5,4,4,5,4,5,4,4,4,4,5,5,4,4
"235",4,4,4,4,3,3,3,4,4,3,4,4,4,4,3,3,3,3,3
"236",4,3,4,3,5,3,4,4,4,4,4,5,3,3,5,4,3,3,4
"237",3,3,4,4,3,3,3,3,4,3,3,4,4,4,4,3,4,4,4
"238",5,3,4,4,5,4,5,5,4,3,4,3,4,4,5,4,4,5,4
"239",2,3,4,4,4,4,4,4,3,3,4,3,3,3,4,4,3,4,3
"240",4,4,3,4,3,3,4,4,4,3,4,4,3,3,3,3,4,3,3
"241",3,3,3,4,4,3,3,4,4,3,3,3,3,3,4,3,3,3,4
"242",3,3,4,3,3,4,4,3,4,3,3,3,3,3,3,4,3,3,4
"243",3,5,4,5,5,4,3,4,5,2,5,3,3,5,4,5,3,3,4
"244",4,3,4,4,5,3,3,3,4,3,1,3,4,4,3,4,3,4,3
"245",3,3,3,3,4,4,5,3,4,4,4,4,4,3,3,4,5,4,3
"246",3,4,2,5,5,1,3,3,4,3,3,3,3,4,4,1,4,2,2
"247",3,3,5,3,3,3,4,4,3,2,3,3,4,3,3,3,3,3,3
"248",3,2,4,3,4,4,4,4,4,3,3,3,3,3,3,5,3,5,3
"249",2,3,4,3,4,4,4,4,4,3,4,4,3,4,4,3,4,3,4
"250",3,3,4,3,4,3,3,5,4,4,4,4,3,3,5,4,3,2,3
"251",5,4,3,3,3,4,4,4,4,4,3,3,4,4,3,3,3,4,4
"252",4,3,5,5,3,4,3,3,3,3,4,4,3,3,3,4,3,3,3
"253",3,3,4,3,3,5,4,4,3,4,5,4,5,3,4,6,3,5,4
"254",5,5,3,3,3,4,3,5,2,3,4,5,5,4,1,3,4,3,3
"255",4,3,3,4,3,4,4,3,4,3,4,5,4,4,4,4,4,3,3
"256",3,3,3,3,5,4,3,5,3,4,2,4,3,4,3,4,3,5,5
"257",3,4,3,4,2,6,4,4,3,4,4,5,5,3,4,4,4,4,4
"258",4,4,3,4,4,3,3,3,4,4,3,4,4,3,3,3,3,3,3
"259",3,3,4,4,3,4,3,4,4,3,3,4,3,5,4,4,4,3,2
"260",4,3,3,4,4,2,3,3,3,3,3,4,3,3,3,4,4,4,3
"261",3,3,3,3,3,4,3,3,3,4,3,3,3,4,3,3,4,4,3
"262",4,4,4,3,4,3,4,4,3,3,3,4,4,4,4,5,2,2,3
"263",3,4,4,3,3,4,4,5,4,4,3,3,4,3,3,3,6,4,4
"264",4,4,5,4,5,4,5,4,5,3,5,3,5,4,3,4,3,5,3
"265",4,4,4,3,3,3,4,3,2,3,3,3,3,3,3,3,2,4,4
"266",3,3,3,3,3,4,2,3,6,4,4,4,3,3,3,4,3,5,5
"267",3,5,5,4,3,4,3,2,4,4,3,2,3,4,3,4,5,4,4
"268",3,3,3,3,3,4,4,3,3,5,3,3,4,3,3,3,3,3,4
"269",2,4,4,4,3,3,4,4,4,4,4,3,4,4,4,4,3,3,3
"270",3,5,4,3,4,4,3,3,4,4,3,3,5,4,2,4,4,4,3
"271",3,3,3,3,3,3,4,4,3,4,4,4,4,5,3,4,4,4,4
"272",3,3,3,3,3,3,3,4,5,5,4,3,3,3,3,3,3,3,3
"273",4,4,3,3,3,3,3,3,3,3,3,3,3,3,3,4,5,3,3
"274",3,3,3,3,3,3,3,3,3,3,4,3,3,3,3,3,3,3,3
"275",4,3,3,3,4,3,4,3,4,4,3,3,4,4,3,3,3,3,4
"276",3,4,3,5,3,4,4,3,4,4,3,5,4,4,5,1,5,4,3
"277",3,3,4,4,3,3,3,3,4,3,5,5,3,3,3,4,3,5,3
"278",3,3,4,4,3,3,4,4,4,3,2,4,3,3,3,4,3,4,4
"279",4,4,3,4,4,4,4,4,3,5,4,4,3,4,3,3,3,4,4
"280",4,3,3,3,3,3,3,2,3,3,3,3,3,3,4,4,3,4,4
"281",4,3,4,3,2,3,4,4,4,3,3,3,3,3,4,4,3,4,3
"282",3,3,4,3,4,3,3,3,3,4,4,2,4,5,5,5,4,4,3
"283",3,5,5,3,3,4,5,3,3,3,4,2,5,4,4,4,4,4,3
"284",5,5,3,4,4,4,5,3,4,4,4,6,2,3,4,4,4,5,4
"285",4,5,6,5,3,5,3,4,5,4,3,4,5,4,2,4,5,3,4
"286",4,4,4,3,3,4,4,4,4,4,5,3,4,5,5,4,4,4,5
"287",4,4,4,3,2,3,4,4,3,3,4,4,3,4,5,3,6,3,4
"288",4,4,3,3,5,3,3,4,4,4,4,3,3,3,3,3,4,4,2
"289",3,3,3,3,3,3,3,3,3,3,3,3,3,3,3,3,3,2,3
"290",4,5,3,3,4,4,4,3,3,3,3,3,2,4,3,3,3,4,4
"291",4,4,3,4,5,3,4,3,4,6,5,3,4,3,4,3,4,3,3
"292",4,4,4,5,4,4,5,4,3,5,4,5,5,5,3,6,4,4,4
"293",6,5,4,3,5,5,4,5,4,4,5,3,5,4,4,6,4,5,4
"294",3,4,4,3,4,3,4,3,4,4,4,5,4,3,4,4,4,4,3
"295",3,3,3,3,3,3,3,3,3,3,3,4,4,4,3,5,4,4,3
"296",5,4,4,5,3,5,3,4,4,3,4,4,5,4,3,3,3,5,5
"297",5,5,4,3,3,4,4,3,3,4,3,4,5,5,3,4,3,5,4
"298",5,4,5,4,3,4,6,3,3,4,3,4,5,4,4,4,4,3,3
"299",4,2,4,4,4,3,4,3,4,4,3,3,5,3,4,3,3,5,4
"300",4,3,4,4,6,4,5,4,3,4,3,3,5,3,3,3,5,4,3
"301",3,4,3,3,3,3,4,4,3,5,5,3,5,4,4,4,3,3,4
"302",5,4,4,4,4,4,4,4,4,3,3,4,4,3,4,3,3,4,3
"303",3,5,3,4,3,5,6,4,3,4,4,4,3,4,4,3,4,4,3
"304",2,5,4,4,4,3,3,5,3,4,3,4,3,4,3,4,4,3,4
"305",4,4,3,4,5,4,4,3,4,4,3,4,5,5,5,4,3,5,5
"306",4,5,5,4,5,5,4,2,4,4,3,3,4,5,4,4,4,4,4
"307",4,3,4,3,3,4,5,4,4,4,5,4,4,4,5,4,5,5,5
"308",4,4,5,3,3,2,4,3,3,3,3,3,4,3,3,4,4,3,3
"309",4,3,3,4,3,3,4,4,4,4,3,4,3,3,3,3,4,3,4
"310",3,3,3,3,3,3,3,3,4,3,3,3,3,3,3,3,3,3,3
"311",4,5,4,5,2,4,4,4,3,4,5,4,4,4,4,4,3,3,2
"312",3,5,3,4,3,4,5,3,4,4,4,4,3,3,4,4,4,3,3
"313",5,3,3,5,5,3,5,4,5,3,3,4,4,4,5,4,5,5,3
"314",4,5,4,3,4,4,3,3,5,5,3,3,4,4,5,3,4,3,3
"315",4,3,4,4,3,3,3,3,5,4,3,3,4,3,4,3,2,3,4
"316",4,3,3,3,4,4,3,3,4,4,3,3,3,3,3,4,2,2,3
"317",4,4,3,4,5,3,3,3,4,4,3,3,3,4,3,4,4,4,3
"318",3,5,4,4,4,4,3,3,4,4,3,3,3,3,4,4,4,3,4
"319",4,3,3,4,3,4,4,3,4,5,6,4,4,4,5,4,2,4,3
"320",5,3,4,4,5,4,4,3,3,3,4,3,3,5,4,4,4,3,3
"321",4,5,4,5,4,5,4,3,3,5,4,3,5,4,3,3,4,3,4
"322",4,3,3,4,5,4,2,4,3,4,4,3,3,5,3,5,3,5,3
"323",4,3,4,3,3,3,3,2,3,3,3,4,4,4,3,3,3,4,3
"324",6,4,4,4,4,3,4,4,5,4,6,5,3,3,5,5,4,4,5
"325",4,4,3,3,4,4,3,5,3,3,3,4,5,3,4,3,3,3,4
"326",5,4,4,4,3,3,4,3,4,2,4,5,3,3,4,4,3,3,3
"327",3,3,4,4,3,3,3,2,4,4,4,4,3,4,4,4,5,4,4
"328",3,3,2,3,3,4,2,3,4,3,4,3,3,3,3,3,3,4,3
"329",4,5,5,3,5,4,3,4,4,4,4,4,4,4,3,3,3,3,3
"330",5,4,5,3,6,3,5,4,4,4,5,6,6,4,3,2,3,5,3
"331",3,3,3,5,3,5,4,4,2,4,5,3,5,5,4,3,4,3,4
"332",4,4,5,5,4,4,4,5,4,4,5,4,6,3,4,3,5,4,5
"333",4,4,4,4,4,4,4,3,5,3,4,4,3,3,4,3,3,4,3
"334",4,4,4,4,4,4,3,3,5,3,4,5,5,3,4,5,4,5,4
"335",3,3,4,3,5,3,4,4,4,3,4,4,4,3,3,2,3,5,2
"336",4,3,4,4,4,4,5,4,3,3,4,4,3,3,4,4,4,3,3
"337",3,3,3,3,3,3,3,4,5,4,3,3,3,3,3,3,3,4,3
"338",4,4,3,4,3,4,4,4,4,1,4,4,4,5,3,4,4,3,4
"339",4,3,3,3,4,3,5,3,4,4,3,4,4,3,4,4,4,4,2
"340",3,3,3,4,4,4,5,4,4,4,4,4,4,4,3,3,4,5,4
"341",4,4,4,3,5,3,3,4,3,3,3,2,3,3,4,5,3,5,3
"342",5,5,5,3,3,5,3,3,3,3,3,3,3,3,5,4,4,4,3
"343",4,4,4,4,3,4,5,3,5,2,4,3,3,4,4,4,4,4,4
"344",3,3,3,3,3,4,4,3,4,3,3,3,4,5,3,6,5,3,5
"345",4,2,4,3,4,4,4,3,4,3,4,3,4,4,5,4,4,3,3
"346",3,4,5,4,3,5,4,5,3,4,3,3,4,4,4,4,4,3,3
"347",3,3,3,3,3,3,3,3,3,3,3,3,3,3,4,3,3,3,3
"348",2,3,3,3,5,5,4,5,1,3,4,4,3,3,4,4,3,5,4
"349",3,3,4,3,3,4,4,4,3,4,5,3,4,4,3,3,3,5,4
"350",3,4,5,5,4,3,3,4,3,4,3,3,4,3,4,5,5,4,4
"351",3,4,3,3,3,3,4,3,4,3,4,4,3,3,4,4,3,3,4
"352",4,4,4,3,3,4,4,3,3,3,4,4,3,5,3,4,3,5,5
"353",4,4,3,4,4,2,3,4,4,3,3,4,1,3,3,4,4,3,6
"354",4,5,4,5,3,4,4,3,3,5,3,3,4,3,5,3,5,3,5
"355",5,3,4,4,4,3,4,4,4,3,4,4,3,3,5,4,5,4,3
"356",5,5,4,3,4,3,3,3,3,4,4,4,5,5,4,4,5,3,5
"357",6,5,4,6,3,5,5,3,5,4,3,4,3,3,4,5,6,3,2
"358",4,4,3,4,4,4,3,4,4,3,3,4,3,2,5,3,5,3,4
"359",3,4,3,3,3,3,3,2,3,4,3,4,3,3,3,3,4,3,4
"360",3,4,3,4,4,3,4,4,3,3,2,4,3,3,3,3,3,3,4
"361",3,3,4,3,3,4,4,2,3,3,3,4,3,3,3,4,3,3,4
"362",4,6,4,4,5,4,4,4,5,5,3,5,4,3,4,4,4,5,3
"363",3,3,3,3,3,3,3,3,3,3,3,3,3,4,3,3,3,3,3
"364",3,3,3,3,3,3,3,3,3,3,3,3,3,3,3,3,3,3,3
"365",5,4,5,4,5,3,4,5,4,4,4,3,5,4,4,5,3,5,3
"366",3,3,3,3,3,3,2,3,3,3,3,3,3,3,3,3,3,3,3
"367",4,3,5,5,4,4,4,4,5,4,3,5,3,3,5,3,4,4,3
"368",5,5,4,5,4,3,3,5,4,2,4,1,5,4,3,3,3,3,4
"369",5,3,3,3,3,4,2,4,3,3,3,3,4,4,3,4,4,4,3
"370",5,4,4,6,4,5,3,4,3,3,2,3,1,3,3,3,4,3,5
"371",3,3,4,3,3,3,4,3,3,4,4,4,4,4,3,3,4,4,3
"372",4,4,5,4,4,4,3,2,4,3,4,3,4,2,4,4,4,3,4
"373",5,3,3,4,1,4,5,4,4,6,5,3,4,4,4,4,3,4,4
"374",4,4,3,3,3,3,4,4,4,3,3,3,4,3,3,4,3,3,3
"375",3,3,4,3,3,3,3,4,4,3,4,4,4,4,3,3,5,4,4
"376",4,5,4,3,4,3,4,4,4,4,4,4,3,5,3,3,4,3,5
"377",3,4,3,3,3,3,3,3,3,3,4,4,4,3,4,4,3,3,4
"378",5,5,5,5,5,5,4,5,4,3,4,4,4,4,5,5,4,5,4
"379",4,3,3,4,4,3,4,5,3,3,3,3,3,4,4,4,5,3,6
"380",3,5,4,3,3,4,4,4,4,3,3,4,3,3,4,4,4,4,3
"381",3,3,3,4,4,3,3,5,4,4,5,4,3,4,4,4,3,3,3
"382",4,3,5,4,5,5,5,4,5,4,4,5,4,4,5,4,3,4,3
"383",4,3,3,3,4,4,3,4,4,3,3,3,3,3,4,4,3,1,5
"384",4,3,4,3,2,4,3,4,3,3,5,3,4,4,4,4,4,4,4
"385",2,4,4,5,3,6,3,5,4,4,4,3,3,4,5,4,5,3,4
"386",5,4,4,4,4,3,1,4,5,3,4,4,5,3,3,5,3,4,4
"387",5,5,5,4,5,3,5,4,5,4,3,3,4,4,4,4,5,3,4
"388",3,3,3,4,4,3,3,3,4,4,4,4,3,3,3,4,3,4,4
"389",4,4,4,3,3,3,4,3,4,3,3,3,3,3,3,4,3,4,4
"390",3,4,3,3,4,4,4,3,4,3,4,3,3,5,3,4,3,4,3
"391",4,6,4,5,4,4,6,6,3,3,4,4,5,5,4,4,3,2,3
"392",3,4,4,3,3,3,4,3,4,3,4,4,4,3,3,4,4,4,3
"393",4,5,4,4,4,2,5,5,4,4,3,4,5,3,3,4,3,5,3
"394",3,4,4,4,4,3,4,3,4,4,4,4,4,4,4,4,4,3,4
"395",3,4,5,4,4,4,3,4,4,3,3,3,4,5,4,3,4,5,4
"396",3,5,4,5,3,4,5,5,4,4,4,5,4,4,4,5,5,3,3
"397",3,3,3,4,3,3,3,4,4,3,3,4,3,4,4,4,4,3,4
"398",4,5,3,5,4,3,4,4,5,5,4,4,5,6,4,3,4,4,4
"399",5,3,4,5,3,3,3,5,4,4,3,2,4,5,4,4,4,5,4
"400",3,4,3,4,4,4,4,3,4,4,3,3,4,4,3,3,2,3,4
"401",3,4,3,4,4,4,2,4,5,3,4,4,3,3,4,3,2,4,4
"402",5,4,4,4,5,5,3,2,4,5,4,4,4,5,5,4,6,5,3
"403",4,2,4,3,3,3,3,3,4,4,4,3,3,3,4,4,3,3,3
"404",5,5,5,4,4,3,5,3,4,5,5,4,5,4,4,3,4,5,3
"405",3,3,3,3,3,3,3,3,3,3,3,3,3,4,3,3,3,3,2
"406",3,4,4,3,3,1,3,4,4,3,3,6,4,4,2,3,4,3,5
"407",4,4,3,4,4,4,3,4,4,4,3,3,5,5,4,5,4,5,3
"408",4,4,5,3,3,3,3,4,4,4,5,4,1,5,3,4,3,4,4
"409",6,5,6,4,6,4,4,5,4,5,5,4,3,3,3,4,3,4,5
"410",4,4,3,5,4,5,4,4,4,3,3,5,4,3,5,4,4,4,3
"411",1,3,2,6,3,5,5,3,3,3,4,3,3,4,4,5,4,4,5
"412",5,2,4,4,4,5,4,4,4,2,5,4,3,3,3,3,3,4,3
"413",4,3,4,4,3,3,4,4,4,4,4,3,3,4,4,4,3,3,4
"414",4,3,4,3,3,3,3,3,4,3,3,3,4,4,4,3,3,4,3
"415",4,4,4,5,2,4,4,4,4,3,4,2,3,5,4,4,4,4,6
"416",3,5,3,3,3,4,3,5,3,3,5,3,4,4,3,4,4,4,4
"417",3,3,4,3,4,3,4,3,4,3,4,4,4,2,6,4,4,3,4
"418",4,3,4,3,3,1,3,4,2,4,6,4,4,4,4,4,6,4,3
"419",5,4,5,4,3,4,5,4,3,4,4,3,3,3,4,4,3,5,4
"420",4,4,4,3,3,4,3,3,4,3,3,3,3,3,2,3,4,3,4
"421",4,4,4,4,4,6,4,5,5,4,3,5,4,5,5,2,3,4,3
"422",4,5,3,4,5,5,4,4,6,6,3,5,5,3,5,4,4,4,5
"423",3,3,3,4,3,4,5,4,5,3,4,4,4,3,3,1,2,3,4
"424",3,5,3,3,4,3,4,4,4,4,5,3,5,4,3,4,5,3,4
"425",4,4,5,4,5,4,4,4,4,3,4,4,3,4,4,3,3,2,4
"426",4,5,3,3,3,3,4,1,6,4,4,3,3,4,3,4,3,4,3
"427",3,4,2,4,4,4,4,4,3,4,3,4,4,4,3,4,4,2,5
"428",4,5,3,3,4,4,3,4,3,4,4,3,4,4,4,3,3,3,3
"429",3,4,4,4,4,3,3,5,4,4,5,5,3,5,4,4,3,4,4
"430",4,3,3,4,3,4,3,4,4,3,4,4,5,4,4,5,4,4,4
"431",5,5,5,5,5,5,5,5,5,4,4,3,5,5,4,5,4,4,4
"432",5,5,4,5,5,5,5,4,4,5,4,3,5,3,4,5,5,5,4
"433",3,2,3,4,4,3,3,3,3,4,3,4,3,4,4,3,3,3,3
"434",3,3,3,4,3,3,4,3,6,4,4,3,3,3,4,4,4,3,3
"435",5,4,4,5,4,4,3,3,4,6,4,3,3,4,3,4,3,5,4
"436",4,4,3,4,3,3,4,3,3,3,4,3,3,3,3,3,4,4,3
"437",3,3,3,3,3,3,3,3,3,5,3,3,3,5,3,3,4,2,3
"438",3,4,6,4,3,4,3,4,3,3,4,3,3,4,2,3,5,3,3
"439",4,4,4,5,4,4,3,2,3,4,4,3,4,2,4,4,4,3,5
"440",4,5,4,4,3,3,5,4,4,5,3,4,4,3,5,2,3,3,4
"441",3,4,5,5,5,5,4,5,3,5,5,4,5,4,4,4,5,5,5
"442",4,5,4,5,3,4,5,3,4,4,4,3,3,5,4,3,4,3,3
"443",4,4,5,4,4,4,3,3,4,3,3,5,4,3,5,3,4,4,3
"444",2,4,4,3,4,4,3,3,4,4,3,4,4,3,3,4,4,3,3
"445",5,4,5,3,4,4,4,4,4,4,5,5,4,5,3,4,4,3,4
"446",4,4,4,4,4,4,5,5,5,3,5,4,3,4,2,3,4,4,3
"447",5,4,2,5,3,3,4,4,3,3,3,5,5,3,3,2,3,3,4
"448",6,4,4,5,3,5,4,2,6,4,5,5,4,6,4,4,3,4,4
"449",3,3,3,3,3,3,3,4,3,3,3,3,3,3,3,3,3,3,3
"450",5,3,4,5,3,4,3,6,5,6,5,4,4,3,3,4,4,4,4
"451",3,4,3,3,4,3,4,4,5,3,4,3,4,3,4,6,4,3,2
"452",5,5,4,5,4,3,3,3,3,3,3,3,4,5,4,3,3,4,4
"453",3,3,3,3,5,3,5,3,3,3,3,3,4,3,3,3,4,3,3
"454",5,4,4,3,4,3,3,4,4,3,5,4,4,4,4,4,4,4,3
"455",2,4,4,3,3,4,3,3,2,4,3,5,4,3,4,3,4,3,4
"456",3,3,3,3,3,3,3,3,3,3,3,3,3,3,3,3,3,3,3
"457",3,3,3,3,3,3,3,3,3,3,3,3,3,3,3,3,3,3,3
"458",3,3,4,3,3,3,3,3,3,3,3,3,3,3,3,3,3,3,3
"459",5,3,4,3,4,4,4,3,5,3,3,4,4,3,4,3,4,2,3
"460",4,3,4,3,4,3,4,3,4,3,4,3,2,4,3,3,3,3,4
"461",5,3,4,4,3,3,4,3,5,3,5,3,5,3,3,4,4,3,5
"462",4,4,4,3,3,3,4,3,3,3,3,4,3,4,3,3,4,3,3
"463",3,3,4,3,3,3,3,4,4,4,4,3,2,4,2,3,4,3,6
"464",4,4,4,4,4,3,3,5,3,4,4,3,3,4,3,3,3,3,4
"465",3,4,4,5,4,3,4,4,4,3,4,4,5,4,3,4,5,4,4
"466",4,5,3,3,4,3,3,4,5,4,5,3,5,4,3,4,4,4,3
"467",3,4,4,3,3,4,2,3,3,4,6,2,3,4,3,3,4,3,2
"468",5,4,3,3,4,4,3,3,4,4,4,4,4,3,3,6,3,5,3
"469",4,4,5,6,3,5,6,4,5,5,4,3,5,4,3,3,3,3,4
"470",5,3,4,4,3,4,1,4,3,2,4,5,4,3,3,4,4,4,4
"471",3,5,4,4,5,6,4,4,5,6,4,4,4,3,3,5,5,4,3
"472",4,2,3,4,4,5,3,4,5,4,4,3,4,4,5,3,4,4,3
"473",3,5,2,3,3,3,4,3,3,5,3,3,3,3,4,4,4,4,4
"474",3,3,3,3,4,3,4,4,4,4,3,1,4,4,4,5,4,6,2
"475",3,3,3,5,4,3,4,5,3,3,3,3,3,4,3,3,3,3,3
"476",4,4,4,4,3,4,4,4,3,3,4,4,4,4,4,3,3,3,4
"477",5,5,5,4,4,4,5,5,3,4,4,4,4,3,5,5,3,4,4
"478",4,3,4,3,3,4,3,3,3,4,3,3,3,3,4,2,4,3,3
"479",4,3,3,5,4,5,2,4,4,3,3,4,3,4,3,4,3,3,4
"480",4,3,3,3,3,4,2,4,3,4,5,4,3,3,3,4,4,3,4
"481",4,4,2,3,4,3,4,4,5,3,3,3,3,4,3,4,4,3,2
"482",4,4,3,4,3,3,4,3,2,3,4,4,2,3,3,2,3,4,4
"483",3,4,3,4,3,4,3,3,3,3,3,4,3,4,3,4,3,3,4
"484",3,5,5,4,4,4,5,4,4,4,3,4,4,5,3,4,4,3,5
"485",5,5,5,5,3,3,4,5,4,4,5,3,5,4,4,5,6,5,5
"486",3,5,4,4,5,4,5,4,4,5,3,3,4,4,4,5,4,4,3
"487",4,5,5,1,5,4,4,3,3,3,3,4,4,3,4,4,4,4,4
"488",4,3,5,4,3,3,4,4,3,5,4,4,4,3,4,5,3,4,5
"489",3,3,3,3,2,3,3,3,3,3,3,3,3,4,3,3,3,3,3
"490",3,3,3,4,3,3,5,3,4,5,3,4,3,3,3,3,3,2,3
"491",4,2,3,4,3,4,4,3,4,3,4,4,3,3,4,3,4,4,5
"492",3,4,3,2,4,3,4,1,2,3,4,4,3,2,3,4,3,3,3
"493",3,3,5,4,4,3,3,5,4,5,5,4,3,4,5,3,5,4,3
"494",4,4,3,3,4,4,4,5,4,2,4,5,3,5,4,3,3,3,5
"495",3,3,3,5,3,3,3,5,4,4,4,3,3,3,4,3,4,4,4
"496",4,5,5,4,4,3,4,3,4,4,5,5,4,4,3,5,4,4,4
"497",4,4,4,4,3,4,4,3,3,4,3,3,3,5,4,3,2,4,3
"498",3,3,4,4,3,4,3,3,3,3,3,3,4,3,2,3,4,3,4
"499",2,4,4,5,4,3,4,2,3,4,3,4,5,4,4,4,4,4,4
"500",4,4,4,3,5,3,3,4,4,4,3,5,4,3,4,3,2,5,4
"501",3,3,3,3,4,3,3,4,3,5,3,3,4,3,3,3,3,3,3
"502",3,3,3,3,3,3,3,3,3,3,4,4,3,3,3,4,3,3,3
"503",3,3,4,3,4,3,4,4,4,4,5,4,3,4,3,5,5,3,2
"504",3,4,4,3,4,4,4,4,3,3,5,3,5,3,4,6,4,1,3
"505",4,4,4,3,3,4,1,3,3,4,4,2,3,3,3,4,3,3,5
"506",4,4,5,4,3,3,3,4,4,5,4,3,5,3,4,3,5,4,5
"507",5,3,4,4,3,3,5,6,2,5,4,4,3,4,4,4,3,3,3
"508",4,3,3,4,3,3,3,3,3,3,4,3,3,3,4,4,4,3,3
"509",4,3,4,4,4,5,2,4,4,4,4,3,3,4,3,3,3,3,3
"510",3,3,3,3,4,3,4,3,4,4,3,5,4,3,3,3,3,3,3
"511",4,4,4,4,4,4,4,3,1,5,4,4,3,4,3,4,5,3,4
"512",4,4,3,3,4,4,5,2,4,4,4,4,4,2,3,3,3,5,3
"513",3,3,3,4,3,3,4,4,4,3,3,3,3,4,3,3,3,4,3
"514",3,3,3,3,4,3,3,3,3,3,3,3,4,3,3,3,3,3,3
"515",3,4,5,3,3,4,3,3,4,4,4,4,4,4,5,1,3,5,4
"516",4,4,4,4,4,4,5,5,3,4,3,4,3,5,4,4,4,4,3
"517",3,4,3,3,3,3,3,4,3,5,3,4,3,3,3,3,4,3,4
"518",3,4,4,4,4,2,5,5,4,5,3,4,4,4,4,3,5,4,5
"519",3,4,3,3,3,4,3,3,5,4,5,3,5,4,4,4,1,4,4
"520",3,4,4,3,4,3,4,3,4,3,3,3,3,3,3,3,4,4,3
"521",5,5,3,4,5,3,4,3,3,4,3,3,4,4,3,3,5,3,4
"522",5,3,4,4,4,4,4,3,3,3,3,3,3,3,4,4,3,3,4
"523",4,2,4,3,4,5,4,5,3,4,3,4,4,3,3,5,3,3,3
"524",3,4,4,3,4,4,3,3,2,2,3,2,4,2,3,3,4,3,4
"525",3,3,4,3,3,3,2,4,4,3,3,3,3,3,3,4,3,4,3
"526",4,2,4,3,3,3,3,3,4,3,3,4,4,3,3,4,5,3,5
"527",5,5,5,2,3,5,5,5,4,4,4,4,4,3,3,3,4,4,3
"528",4,3,4,3,3,4,4,4,3,4,3,4,3,3,4,4,3,4,4
"529",3,3,3,4,4,4,3,3,2,4,3,4,4,3,3,4,3,3,3
"530",3,4,3,5,4,3,4,5,4,4,3,4,4,3,4,3,3,3,4
"531",4,4,3,3,3,4,3,3,3,3,2,3,4,4,4,5,4,4,4
"532",3,4,3,4,3,3,3,4,4,6,1,4,4,4,4,3,3,3,5
"533",3,3,4,4,3,4,4,3,4,3,1,4,4,3,4,4,4,2,5
"534",4,4,3,4,3,3,4,3,4,3,4,3,4,3,4,3,4,5,4
"535",4,3,3,4,3,3,3,3,3,3,3,3,3,3,3,4,3,3,4
"536",3,3,4,3,3,3,3,4,4,3,2,4,4,3,3,3,4,3,3
"537",4,3,5,5,3,5,4,3,3,4,4,2,4,4,4,3,3,5,4
"538",4,6,4,4,3,4,3,3,3,3,3,1,3,3,3,4,4,4,4
"539",4,4,3,1,4,4,3,3,3,4,3,5,3,3,3,3,2,4,4
"540",3,3,3,3,3,3,3,3,3,3,3,3,3,4,3,4,5,3,3
"541",3,4,3,3,3,3,3,3,4,3,4,3,5,3,3,3,4,4,4
"542",3,3,3,4,3,3,3,4,4,4,3,4,4,3,5,3,3,5,3
"543",4,4,4,5,4,4,5,5,4,4,3,3,2,3,4,4,5,3,5
"544",4,3,4,4,5,4,3,4,3,4,4,4,3,4,4,5,5,4,3
"545",4,4,3,2,3,4,2,4,3,4,3,3,3,4,4,4,3,3,3
"546",3,3,4,4,3,4,4,3,4,3,3,3,3,3,4,3,3,3,4
"547",3,3,4,4,3,3,3,4,3,3,3,4,3,4,4,3,4,3,3
"548",4,4,3,3,4,3,2,4,4,5,4,5,3,3,3,5,3,3,4
"549",4,3,4,5,4,4,4,5,5,4,3,3,4,4,3,4,4,4,3
"550",3,3,3,3,3,3,3,3,3,3,4,5,3,4,3,3,4,3,4
"551",3,3,5,5,3,3,3,3,4,4,3,3,3,5,3,4,3,2,4
"552",4,5,4,5,3,4,4,3,4,4,2,5,4,3,4,4,3,4,5
"553",3,3,3,3,3,3,3,3,4,3,3,4,3,3,3,3,3,3,4
"554",3,3,3,3,3,3,3,3,3,3,3,4,3,3,4,3,3,3,3
"555",2,4,3,4,3,3,4,4,3,3,3,3,3,4,3,4,4,4,3
"556",4,4,3,3,3,4,3,3,3,3,4,3,4,5,2,4,4,4,5
"557",4,4,4,4,3,4,3,3,3,4,4,3,3,5,4,3,4,4,3
"558",3,3,3,3,3,4,3,4,3,4,3,3,3,3,4,3,3,4,4
"559",3,2,1,2,2,5,3,1,3,5,3,1,5,3,3,3,4,4,6
"560",4,3,3,3,4,3,4,3,3,2,4,4,4,3,2,3,3,4,4
"561",3,4,3,3,4,4,4,5,4,4,4,2,3,3,2,4,3,1,4
"562",4,3,5,4,4,4,4,3,3,4,4,4,5,4,3,5,4,4,5
"563",4,3,3,3,3,3,3,3,3,3,3,3,3,4,3,3,3,3,3
"564",3,4,4,4,4,3,3,3,3,5,4,4,3,6,4,5,3,3,4
"565",3,3,3,3,3,3,3,3,3,4,3,3,3,3,3,3,3,3,3
"566",3,4,3,4,4,3,3,4,3,4,3,3,4,3,4,3,3,3,3
"567",3,4,5,4,5,5,4,4,3,3,3,3,4,3,4,3,3,3,3
"568",4,4,3,4,4,4,3,4,3,4,3,3,3,2,4,4,3,3,3
"569",3,4,5,4,4,3,4,3,3,3,3,3,5,3,4,4,1,4,4
"570",5,5,5,4,4,4,4,4,4,3,3,5,5,3,4,3,4,3,4
"571",3,4,3,2,3,3,3,3,3,3,3,3,4,3,4,3,2,3,3
"572",1,2,4,3,3,3,3,4,4,3,4,3,3,4,1,1,3,4,5
"573",2,4,3,3,3,4,4,3,3,3,4,3,3,3,4,4,3,4,4
"574",4,4,3,4,4,4,3,4,3,3,3,4,3,3,4,3,4,4,4
"575",5,4,3,3,4,4,4,4,3,5,2,3,4,4,2,3,4,4,3
"576",4,4,5,4,3,3,3,4,3,3,5,3,3,3,3,3,4,3,4
"577",4,4,4,4,3,4,4,2,4,3,4,3,4,3,3,2,4,4,4
"578",3,3,4,3,4,3,3,4,3,4,3,4,4,3,3,3,3,3,3
"579",4,3,3,4,4,4,4,3,3,2,4,4,4,3,6,3,3,4,5
"580",5,4,4,4,5,4,4,4,3,3,4,5,4,4,5,3,6,3,4
"581",4,4,3,4,4,3,2,4,3,4,5,5,4,3,5,3,6,4,4
"582",3,3,3,2,2,3,3,3,4,4,3,3,3,3,3,4,1,3,4
"583",3,3,3,3,3,4,3,3,3,3,4,3,3,3,3,4,3,3,3
"584",3,3,3,3,3,4,4,4,5,4,1,5,4,3,4,3,4,4,3
"585",3,4,3,5,5,4,4,3,4,3,4,2,5,4,5,3,3,3,3
"586",3,3,4,5,3,4,4,3,2,3,5,4,4,3,3,4,3,3,3
"587",5,3,2,4,3,4,3,3,5,3,4,4,3,5,4,3,5,4,4
"588",3,4,5,3,3,4,4,4,1,4,3,5,3,3,3,4,4,4,4
"589",3,4,4,3,4,2,3,3,4,3,4,4,4,3,3,3,4,4,4
"590",4,1,6,4,4,5,4,4,5,4,4,4,3,4,3,3,4,4,4
"591",4,3,4,4,4,5,3,3,3,4,3,4,3,3,4,4,4,5,3
"592",2,4,4,4,5,3,3,3,4,4,4,3,4,4,1,4,4,3,3
"593",3,3,3,3,3,3,3,3,3,4,3,3,3,3,3,4,3,3,3
"594",4,3,4,3,4,3,4,3,4,3,3,4,3,3,4,3,4,3,2
"595",3,3,3,4,3,4,4,2,4,3,3,4,3,3,3,3,4,4,4
"596",4,3,2,4,4,3,3,4,2,3,5,1,3,3,4,5,3,3,4
"597",3,4,4,3,4,4,4,4,3,4,3,3,2,3,3,3,5,4,1
"598",2,3,4,3,3,4,3,4,4,2,3,4,4,4,3,3,3,4,2
"599",3,3,3,3,3,3,3,3,5,3,4,3,3,3,3,4,6,3,2
"600",3,3,3,4,3,3,3,4,4,4,3,4,4,3,3,3,4,3,4
"601",3,3,3,3,3,3,3,3,3,2,4,3,3,3,3,3,3,3,3
"602",3,3,3,3,3,3,3,3,2,3,3,3,3,3,3,3,3,3,3
"603",4,4,4,5,4,5,4,3,3,4,4,4,3,4,2,4,4,4,5
"604",3,4,3,3,3,3,4,4,4,2,3,4,5,3,4,4,2,4,3
"605",4,3,4,3,3,3,3,3,3,3,4,3,4,4,3,4,3,3,3
"606",4,5,3,3,4,4,4,3,3,3,4,5,4,5,5,4,3,3,4
"607",3,3,4,3,3,3,3,3,3,4,3,3,6,4,3,4,4,3,3
"608",3,3,3,3,3,3,3,4,4,4,3,3,4,4,3,4,3,5,3
"609",3,3,3,4,3,4,4,3,4,3,4,3,3,3,4,3,4,3,3
"610",4,3,3,3,4,4,2,3,4,4,3,4,3,3,4,4,2,4,4
"611",3,3,4,3,5,3,4,3,4,4,3,3,4,3,2,3,3,4,3
"612",3,5,3,2,3,4,3,3,4,5,4,3,4,4,3,5,4,3,4
"613",4,3,5,3,3,4,4,6,3,4,4,4,4,4,3,4,3,4,4
"614",4,3,5,3,3,3,3,4,4,3,4,3,3,3,3,3,3,3,4
"615",4,3,4,3,4,3,4,4,3,3,5,3,2,3,4,5,3,5,3
"616",3,2,3,3,4,4,3,3,4,3,4,4,3,3,4,3,4,4,4
"617",3,3,3,3,4,3,3,3,4,3,3,3,4,5,3,3,3,3,3
"618",4,4,4,5,3,3,4,4,3,3,5,4,3,3,3,4,4,4,3
"619",4,3,4,3,3,4,3,5,3,5,1,4,3,4,3,3,3,4,4
"620",4,3,3,3,4,3,4,4,3,4,3,4,3,3,4,3,3,4,3
"621",4,3,5,3,3,3,3,3,4,3,4,3,4,4,4,4,4,4,3
"622",4,4,3,4,3,3,4,3,4,4,3,3,4,4,3,5,2,3,4
"623",3,3,3,3,3,3,4,3,3,3,3,4,2,4,3,4,3,3,4
"624",2,4,3,3,3,5,4,4,4,4,2,3,4,3,5,4,3,3,4
"625",3,3,5,3,4,3,4,5,3,3,4,3,3,3,4,3,3,3,3
"626",3,4,5,3,4,5,3,4,2,4,3,2,3,3,4,4,4,4,4
"627",3,3,3,3,3,3,3,3,3,3,3,3,3,3,3,2,3,3,3
"628",4,4,5,3,4,1,2,3,4,2,3,6,3,2,5,3,4,5,1
"629",4,4,5,3,2,3,3,4,4,3,3,2,3,4,4,2,5,3,2
"630",5,5,4,3,4,1,5,3,3,3,4,3,4,3,3,3,2,3,4
"631",3,3,4,3,3,3,2,4,3,3,1,3,4,4,6,2,3,4,3
"632",4,3,3,4,4,4,4,3,4,2,3,4,3,3,4,4,3,4,5
"633",3,3,3,3,2,4,3,4,5,4,4,4,4,4,3,3,4,4,3
"634",4,4,3,3,4,3,1,4,4,4,3,3,5,4,2,5,2,4,4
"635",3,5,3,3,4,3,5,4,3,3,4,4,3,4,3,3,4,4,3
"636",3,4,3,4,4,4,3,4,3,3,3,3,3,3,4,3,4,3,2
"637",4,4,3,4,4,4,3,4,4,3,3,4,3,3,3,3,3,3,4
"638",3,3,3,3,3,4,3,3,2,4,4,2,3,3,3,3,3,3,4
"639",4,3,4,3,4,4,4,5,3,4,3,5,3,3,4,3,3,3,4
"640",3,3,3,4,3,4,3,3,5,3,3,4,3,3,3,3,3,5,3
"641",4,5,4,4,3,4,4,4,5,4,4,4,3,3,4,3,5,4,4
"642",4,5,5,5,5,4,5,5,5,5,4,5,4,4,5,4,5,3,5
"643",3,3,3,3,3,3,3,3,3,3,4,3,3,3,3,3,3,3,4
"644",3,5,3,3,4,3,4,2,4,4,4,5,3,4,3,3,4,3,3
"645",4,3,3,3,3,3,4,4,3,4,3,3,3,3,3,4,3,3,3
"646",3,3,4,3,3,4,4,3,3,3,3,3,3,4,3,4,3,3,4
"647",3,5,4,4,4,4,4,4,4,4,5,2,4,3,3,3,5,5,4
"648",3,3,3,3,3,2,3,4,3,3,3,3,3,3,4,3,4,3,4
"649",4,3,3,4,4,4,3,3,3,4,4,2,3,3,3,3,3,4,3
"650",4,3,4,3,3,2,3,3,4,3,4,4,4,4,3,3,2,5,4
"651",3,3,4,4,4,4,4,4,5,4,3,3,3,4,4,3,4,4,4
"652",3,3,4,3,3,4,4,3,3,3,3,4,3,3,3,3,3,4,4
"653",4,4,3,5,3,4,4,4,4,5,3,5,4,4,4,3,4,3,4
"654",4,3,4,4,4,3,4,4,4,1,3,5,4,4,4,4,5,3,2
"655",4,5,4,4,5,4,4,4,4,4,4,3,4,4,3,5,2,3,3
"656",3,3,3,3,3,3,4,4,3,3,4,3,5,2,3,3,4,4,3
"657",4,3,4,3,3,3,4,3,3,3,3,4,3,3,4,3,4,4,3
"658",4,3,3,4,3,3,3,3,3,3,3,3,3,4,3,3,3,3,3
"659",4,3,4,4,3,4,4,3,3,4,3,4,3,4,3,3,5,4,3
"660",3,3,4,5,3,3,3,4,3,3,5,3,4,4,3,3,4,3,4
"661",2,5,4,3,3,4,3,4,3,4,3,3,4,3,3,4,4,3,3
"662",3,3,3,3,4,4,2,4,4,3,1,5,4,4,5,3,4,4,4
"663",2,3,4,3,3,4,3,3,3,4,4,3,3,4,4,3,3,3,3
"664",3,3,3,3,3,3,3,3,5,3,4,3,3,4,4,5,3,3,3
"665",4,3,3,3,3,4,3,3,3,3,3,4,4,4,4,3,4,4,3
"666",3,4,3,4,4,3,4,3,3,3,4,3,3,3,4,3,4,3,2
"667",3,3,3,3,4,4,3,3,4,3,3,3,3,3,3,3,3,3,3
"668",3,3,4,3,3,3,3,3,4,4,3,3,3,3,3,3,3,3,3
"669",4,4,4,4,4,3,3,3,3,4,5,3,3,3,3,3,4,3,4
"670",4,4,3,4,4,3,4,3,4,4,3,5,3,3,3,5,4,1,4
"671",3,4,3,4,4,4,4,5,3,4,3,3,4,4,3,4,4,3,3
"672",3,4,4,3,4,4,3,4,5,3,5,4,3,3,3,1,4,3,4
"673",4,3,3,3,4,3,4,2,3,3,4,3,3,3,3,3,4,5,2
"674",4,3,3,4,4,4,4,3,4,3,5,3,3,3,3,3,4,4,3
"675",4,3,4,4,3,4,3,3,3,3,4,3,4,4,5,3,4,3,4
"676",3,4,4,3,3,4,3,4,4,4,5,4,3,3,3,4,3,3,4
"677",3,4,4,4,3,4,4,3,4,4,3,4,3,5,3,3,3,4,3
"678",4,3,4,3,4,3,3,3,3,3,3,4,3,3,4,3,3,3,4
"679",3,3,2,4,3,4,3,4,3,3,3,3,4,4,3,3,4,4,3
"680",2,3,4,3,3,4,4,3,3,3,4,3,3,3,4,3,4,4,3
"681",4,4,3,5,4,4,3,4,5,4,3,3,4,4,4,3,3,3,3
"682",3,3,3,3,4,3,3,3,2,3,3,3,3,3,3,3,3,3,3
"683",3,3,3,3,3,2,4,3,3,4,4,3,4,4,3,3,4,3,3
"684",3,3,3,3,3,3,3,3,3,4,3,3,3,3,3,3,3,3,3
"685",4,3,3,4,4,3,3,4,3,4,4,3,3,5,5,5,3,4,3
"686",4,2,4,3,5,4,4,3,3,3,3,3,3,2,3,1,6,4,4
"687",4,4,2,5,3,4,3,4,4,4,4,4,4,3,3,4,5,3,4
"688",3,3,3,3,4,4,2,3,4,3,4,3,3,3,3,3,3,3,2
"689",3,4,4,4,3,3,3,3,3,2,3,4,3,3,4,4,4,4,4
"690",4,5,4,3,4,5,4,4,4,4,3,4,4,5,3,4,4,4,4
"691",3,3,5,3,3,2,2,4,3,4,4,4,5,4,1,4,4,3,3
"692",4,3,3,3,3,3,3,4,3,5,3,3,3,3,3,3,3,3,3
"693",4,3,4,5,5,3,4,4,3,3,3,3,4,4,4,3,6,3,3
"694",4,6,5,5,3,3,3,5,4,4,3,4,3,3,3,3,2,3,3
"695",3,4,4,3,4,3,3,3,4,4,3,5,3,2,4,3,4,3,3
"696",3,3,3,3,4,3,5,3,3,5,4,4,4,4,4,3,3,6,3
"697",5,4,4,5,4,5,5,4,5,2,5,5,5,3,2,4,5,5,3
"698",5,4,5,5,5,3,5,5,5,2,4,4,4,2,3,5,4,5,1
"699",3,3,3,3,3,4,6,3,3,4,3,2,4,4,1,3,3,4,3
"700",3,4,3,4,2,4,4,4,4,3,3,3,1,2,3,4,4,3,4
"701",4,4,4,2,4,4,3,3,6,3,2,3,3,3,4,2,3,4,3
"702",4,4,3,4,5,5,4,4,5,4,4,5,5,4,3,3,4,5,4
"703",3,4,4,3,4,4,5,5,5,4,5,4,3,3,4,4,4,3,3
"704",5,4,2,5,3,3,2,4,4,2,4,3,5,4,4,4,5,5,4
"705",4,3,3,5,5,5,3,4,4,3,4,4,3,3,4,5,4,4,3
"706",3,4,4,4,4,4,4,3,4,3,5,3,3,4,5,5,3,3,4
"707",4,4,4,3,4,4,3,4,3,4,3,4,4,6,3,4,4,3,5
"708",4,4,4,1,4,3,3,5,3,5,4,4,4,3,4,4,4,4,4
"709",3,3,3,4,4,2,3,4,3,3,3,4,3,3,4,4,4,3,3
"710",4,3,2,3,4,4,3,3,3,4,3,3,3,3,4,3,3,3,3
"711",4,4,5,4,4,4,3,4,5,4,3,3,4,3,5,2,4,3,3
"712",4,3,3,4,3,4,4,4,4,4,3,3,4,4,4,3,3,5,4
"713",3,4,3,4,4,4,4,3,4,4,4,4,3,4,4,3,2,3,5
"714",3,4,3,4,4,4,4,6,4,3,5,4,4,3,3,3,3,4,3
"715",2,2,2,3,4,4,1,5,4,3,2,5,3,3,4,5,4,4,4
"716",4,3,3,4,5,3,4,3,3,1,4,4,5,4,3,4,4,3,2
"717",4,5,4,6,4,5,3,3,4,4,3,4,4,4,3,3,4,5,3
"718",3,3,5,4,5,4,4,4,2,5,3,4,3,2,4,5,5,5,2
"719",3,5,2,4,3,4,6,5,3,4,3,4,5,5,5,3,3,3,4
"720",1,3,5,3,3,5,4,4,4,5,4,5,4,4,3,3,4,3,3
"721",4,5,4,6,4,4,4,4,4,2,4,4,4,3,4,3,4,4,4
"722",3,4,3,3,4,3,3,4,4,3,3,3,3,4,3,4,4,5,3
"723",4,3,3,3,3,3,3,4,4,3,3,4,3,3,3,4,3,4,3
"724",4,3,4,5,3,3,4,5,5,4,3,3,4,4,4,3,4,4,4
"725",4,3,3,4,3,3,5,2,5,4,5,5,4,4,4,5,3,5,2
"726",3,4,3,3,4,3,4,5,4,4,4,3,4,4,4,3,5,4,3
"727",4,4,2,3,4,3,4,4,4,4,3,3,3,5,4,3,4,5,3
"728",5,3,2,3,3,3,3,4,3,3,4,4,3,3,3,4,4,4,3
"729",3,3,3,3,3,3,3,5,3,3,3,3,4,5,5,5,4,3,3
"730",4,4,3,4,3,5,5,4,4,3,3,5,5,4,5,4,4,4,4
"731",4,4,4,5,4,2,3,6,4,5,5,5,5,4,4,4,4,3,2
"732",3,3,3,3,4,3,4,4,4,3,3,3,3,4,3,4,3,4,3
"733",4,3,3,4,2,4,4,3,4,5,3,3,4,3,3,5,3,4,4
"734",3,3,3,3,3,3,4,3,3,5,3,3,4,4,2,3,3,2,4
"735",3,3,3,3,3,3,3,3,3,3,3,3,3,3,3,3,4,3,3
"736",4,3,4,4,5,4,3,5,2,3,4,3,3,3,4,3,4,3,4
"737",5,5,4,4,2,3,3,5,3,4,4,4,4,4,4,4,4,3,5
"738",3,3,4,3,5,4,4,5,3,4,3,2,4,3,3,4,3,5,4
"739",4,3,4,4,4,4,4,4,3,5,5,4,4,4,4,3,4,4,4
"740",4,5,4,5,4,6,4,3,4,3,4,3,3,4,4,4,4,3,5
"741",4,4,4,3,4,3,3,5,3,3,3,3,3,2,3,6,3,3,3
"742",5,5,5,4,4,3,3,5,3,3,4,4,3,3,3,3,5,3,3
"743",4,4,4,4,5,4,4,3,2,3,3,4,4,3,4,3,4,4,3
"744",3,4,4,3,3,3,4,3,3,2,4,3,5,5,3,3,3,4,4
"745",4,4,4,3,4,3,3,5,3,3,4,3,4,5,3,3,3,6,2
"746",5,4,4,4,4,5,4,4,4,5,2,3,3,5,5,4,4,3,2
"747",4,4,4,4,5,4,3,4,3,5,4,3,4,4,5,3,2,4,4
"748",4,4,4,3,4,4,3,4,5,3,4,3,3,4,4,3,4,4,5
"749",3,3,4,3,4,6,4,4,3,4,3,5,4,4,4,4,5,4,3
"750",4,3,3,4,3,1,3,5,4,4,3,3,2,5,4,4,3,5,4
"751",4,5,3,3,3,3,4,4,3,3,4,4,3,4,4,4,3,5,4
"752",5,5,4,4,5,5,3,4,4,4,5,3,3,4,2,4,4,3,5
"753",4,4,5,5,5,4,4,4,5,4,6,5,4,1,5,5,4,3,4
"754",3,4,6,5,5,4,5,4,4,4,4,6,4,5,4,5,3,3,4
"755",4,3,4,4,3,3,5,4,2,4,3,5,3,4,4,4,5,3,4
"756",3,4,3,3,4,4,3,4,3,3,4,4,4,3,3,3,3,5,4
"757",4,4,3,3,4,4,4,3,3,4,3,3,3,5,3,5,5,3,2
"758",3,3,3,3,4,5,3,3,4,2,4,3,3,3,4,3,4,4,4
"759",4,4,4,5,4,5,4,3,3,4,4,4,4,4,3,4,3,3,5
"760",4,5,5,5,5,4,5,3,4,4,5,3,3,2,5,4,5,4,5
"761",4,3,4,3,4,3,4,4,4,5,4,3,3,3,4,5,3,4,5
"762",4,4,4,3,3,4,5,3,4,5,3,4,3,4,3,3,3,4,4
"763",3,3,5,4,4,4,3,5,4,3,4,4,3,4,4,3,3,4,4
"764",4,4,4,3,3,3,3,3,4,3,5,3,3,3,4,3,4,4,3
"765",3,3,4,4,4,3,3,4,3,4,3,3,3,3,3,3,3,3,3
"766",4,4,5,3,3,4,3,3,4,4,3,3,3,4,5,5,3,5,4
"767",4,4,4,3,4,3,3,5,3,3,4,4,3,5,3,3,6,3,2
"768",5,3,4,4,4,3,3,3,3,4,3,5,2,5,5,5,4,5,5
"769",4,3,3,3,4,4,4,4,4,3,3,3,5,5,3,3,4,5,3
"770",4,4,4,3,3,3,5,4,4,3,3,4,4,3,4,4,5,5,3
"771",3,4,4,4,3,3,4,4,2,3,4,5,3,3,4,3,5,3,3
"772",2,4,5,5,3,5,3,4,4,3,4,5,5,3,5,5,3,4,2
"773",3,4,4,4,3,3,3,3,4,3,3,4,3,4,3,4,3,3,3
"774",3,4,4,3,4,4,4,5,4,4,4,4,4,3,4,4,4,4,3
"775",5,4,2,4,5,4,5,4,5,3,4,3,5,3,4,3,4,4,5
"776",3,3,3,3,4,3,3,3,3,3,3,3,4,3,4,5,3,3,3
"777",3,3,2,3,4,3,3,3,4,3,3,3,4,3,3,4,3,2,5
"778",2,1,3,5,5,3,5,4,4,3,4,3,5,5,4,4,4,2,2
"779",3,3,3,4,4,4,3,4,4,4,3,3,5,4,3,3,3,3,4
"780",4,3,5,3,3,4,6,5,4,3,3,3,1,5,3,5,4,4,4
"781",5,5,5,5,5,5,4,2,5,4,4,3,5,4,3,5,3,3,2
"782",3,2,5,5,3,6,3,4,1,4,3,5,5,2,1,4,2,5,5
"783",4,5,4,4,5,5,4,3,5,4,5,4,5,5,5,5,5,4,4
"784",5,4,5,4,4,5,3,3,5,5,5,4,5,4,5,5,5,3,3
"785",4,5,4,5,4,5,4,3,5,4,2,2,2,3,5,5,4,3,4
"786",4,2,4,3,3,3,3,3,3,3,4,2,3,4,4,3,3,4,3
"787",3,3,3,4,4,4,3,4,4,3,4,4,4,2,5,4,3,4,5
"788",4,4,3,3,4,4,3,3,4,4,3,3,4,3,3,3,3,3,3
"789",3,6,1,2,5,3,3,5,4,3,4,3,3,4,4,4,4,4,4
"790",5,5,3,3,4,3,3,3,3,4,5,4,5,3,3,3,4,3,5
"791",5,5,5,6,4,4,4,5,4,4,4,5,4,3,3,5,4,5,4
"792",3,5,4,4,6,5,3,5,3,2,4,5,3,3,4,3,3,3,4
"793",4,3,5,5,4,6,4,5,3,3,3,3,5,2,4,3,3,3,3
"794",3,4,3,3,4,3,3,4,3,3,4,4,3,4,3,3,4,2,3
"795",5,5,3,5,5,4,4,4,2,4,4,5,3,5,3,4,5,5,4
"796",4,4,3,4,3,3,3,4,4,4,5,2,4,3,4,3,2,4,4
"797",3,4,4,4,4,3,3,3,3,4,4,3,3,3,3,4,5,4,3
"798",3,3,3,3,3,3,3,4,4,3,4,3,2,3,3,4,4,4,3
"799",3,4,3,3,3,4,3,4,3,4,3,3,3,4,3,3,4,3,3
"800",3,4,3,4,3,4,4,5,5,3,4,6,4,4,3,3,4,5,5
"801",4,4,5,3,4,3,4,4,5,4,4,4,3,4,4,3,4,4,4
"802",4,4,3,3,4,4,1,4,4,4,3,3,5,4,2,2,2,4,3
"803",5,5,4,5,5,5,4,5,4,4,5,4,4,5,5,4,5,5,2
"804",4,5,5,5,6,3,4,5,3,4,4,4,4,6,4,6,4,5,5
"805",4,3,3,4,4,4,3,3,3,4,3,4,3,2,4,3,3,4,3
"806",4,3,3,3,2,4,4,4,3,3,4,3,4,3,3,3,4,3,5
"807",5,5,5,5,5,4,3,4,2,5,3,4,4,4,3,4,3,5,4
"808",4,4,5,5,3,4,3,4,4,4,3,5,3,4,3,3,5,4,5
"809",5,3,5,5,5,4,3,5,4,5,4,3,3,4,3,4,2,5,4
"810",6,5,4,3,5,3,4,3,4,4,5,5,2,4,1,3,4,4,4
"811",4,3,3,5,3,3,4,5,3,4,3,4,3,5,5,5,4,3,3
"812",5,5,4,4,4,2,4,1,4,1,6,5,3,3,5,3,4,5,3
"813",5,4,4,5,5,5,3,4,5,4,4,4,4,4,5,5,5,4,5
"814",5,5,4,4,4,1,6,4,3,2,5,3,3,3,3,3,4,4,4
"815",3,4,4,3,5,4,3,3,3,3,3,4,5,3,2,2,5,3,3
"816",4,4,5,5,5,3,5,4,5,4,2,5,4,3,4,1,4,3,3
"817",5,3,3,3,3,3,4,3,4,4,5,3,2,4,3,3,3,3,4
"818",4,4,5,5,4,4,4,5,4,3,4,3,4,4,3,4,4,4,4
"819",3,3,4,3,3,2,3,4,4,4,3,4,4,4,3,5,5,4,4
"820",4,5,3,4,4,4,4,3,5,3,3,3,3,3,4,4,4,3,4
"821",4,3,3,4,4,2,3,4,3,3,5,4,3,4,4,3,3,3,4
"822",3,3,4,4,4,3,4,4,3,4,3,4,4,4,3,4,4,4,3
"823",4,3,4,3,4,3,3,4,4,4,3,3,4,4,6,4,4,4,3
"824",3,4,3,4,4,4,4,4,4,3,4,3,4,2,4,5,4,2,4
"825",5,4,4,5,4,5,4,3,5,4,1,6,5,4,4,2,5,3,5
"826",3,3,3,3,3,3,3,3,3,3,3,2,3,3,3,3,3,3,3
"827",5,5,3,2,4,4,4,4,4,3,4,4,3,5,4,3,3,6,3
"828",3,5,3,2,3,3,3,3,3,3,3,4,4,4,2,3,3,3,3
"829",5,5,5,4,3,4,5,4,5,4,4,4,5,3,6,3,1,5,5
"830",4,5,4,4,6,2,3,5,4,5,4,4,3,5,4,4,4,3,4
"831",3,6,3,4,5,2,4,4,5,4,3,5,3,4,1,3,3,3,4
"832",5,6,3,2,3,4,1,5,3,4,5,3,5,3,2,4,3,5,4
"833",3,3,4,4,4,3,2,4,3,5,3,4,3,3,5,4,4,4,5
"834",2,3,3,3,3,3,3,3,3,3,3,3,3,3,3,3,4,4,3
"835",4,4,3,3,4,4,4,4,3,4,3,3,3,4,3,4,4,3,4
"836",5,4,4,4,4,5,5,5,4,5,3,2,3,4,5,4,4,4,4
"837",4,4,4,5,5,4,4,4,3,3,3,3,6,6,4,4,3,3,3
"838",5,4,5,4,4,5,4,5,4,5,5,4,3,3,4,4,3,3,4
"839",4,4,5,3,4,6,4,4,5,3,3,3,5,4,5,3,4,4,3
"840",4,3,3,5,4,5,5,3,3,3,3,5,2,5,4,3,4,4,5
"841",4,4,4,4,4,4,3,3,5,5,2,3,2,5,4,2,2,3,3
"842",3,4,4,4,5,3,3,3,4,4,4,4,3,4,4,3,3,3,3
"843",3,3,4,4,3,4,4,4,4,3,4,4,4,1,4,4,4,4,6
"844",4,4,4,5,4,4,5,4,4,3,3,4,5,3,3,4,3,5,5
"845",4,4,3,3,4,4,3,4,3,3,4,5,3,4,3,3,4,4,3
"846",3,4,5,3,3,5,3,4,4,3,4,3,4,4,4,3,3,4,1
"847",3,4,4,3,3,4,3,3,4,4,3,4,3,2,3,4,4,3,3
"848",3,4,3,4,3,2,5,4,4,4,4,4,3,4,4,3,3,4,3
"849",4,4,4,2,2,5,3,3,5,4,5,4,3,3,5,3,2,3,3
"850",4,3,4,3,3,3,2,4,4,3,3,4,3,5,4,1,3,5,5
"851",5,3,4,4,5,4,4,5,3,3,3,5,3,6,3,3,4,1,3
"852",4,4,6,3,5,4,3,3,3,4,2,3,4,1,4,2,4,1,5
"853",4,1,5,4,3,5,4,4,4,3,3,4,3,3,4,3,3,4,3
"854",5,3,5,4,5,4,3,5,5,4,3,2,5,5,4,4,3,4,4
"855",2,5,3,2,4,5,3,2,3,4,1,4,2,5,4,4,4,4,5
"856",4,4,4,4,3,4,3,3,4,2,3,3,5,4,4,4,3,4,4
"857",5,5,5,4,5,5,5,4,4,2,2,5,5,4,3,5,4,5,4
"858",5,5,5,5,5,4,2,4,3,4,4,3,3,4,4,4,5,4,3
"859",4,4,3,3,4,4,5,3,3,3,3,4,4,4,4,4,3,3,4
"860",6,4,3,5,3,5,4,3,4,5,4,5,3,4,4,4,5,1,4
"861",5,5,3,5,4,4,4,4,3,4,3,5,3,4,3,4,4,3,3
"862",3,3,4,3,3,3,2,3,3,4,4,4,3,5,5,4,3,4,3
"863",3,3,4,3,4,2,5,3,4,4,4,4,4,4,3,3,3,4,4
"864",4,2,5,3,3,5,2,4,4,2,5,3,2,4,5,3,2,1,5
"865",5,4,3,3,4,4,5,5,4,2,3,5,4,5,4,3,5,4,4
"866",5,5,3,5,3,4,5,3,4,5,5,5,5,5,5,3,3,3,4
"867",3,3,3,3,5,3,4,5,3,3,3,3,3,3,3,3,3,4,2
"868",3,4,4,3,2,4,3,3,3,3,3,4,5,3,3,4,4,3,3
"869",4,4,4,4,5,5,3,4,5,3,5,4,3,4,5,5,4,5,4
"870",4,2,2,3,3,1,4,3,3,5,2,2,3,4,2,3,5,4,4
"871",5,5,5,3,4,2,4,4,4,3,5,5,4,2,3,2,5,5,1
"872",5,4,5,4,3,3,4,3,4,4,4,5,4,5,4,4,4,3,3
"873",4,3,3,5,3,2,3,3,4,3,3,3,4,2,4,3,4,3,4
"874",6,3,4,4,3,4,3,3,4,4,4,3,3,4,4,4,4,4,5
"875",3,3,4,4,3,3,4,4,5,4,2,4,3,5,4,4,4,3,3
"876",3,3,5,3,3,3,4,6,3,5,3,3,4,3,4,4,3,2,3
"877",5,5,4,4,2,4,4,3,5,4,4,4,4,4,4,4,3,3,4
"878",5,4,5,4,4,4,4,2,5,5,3,4,3,3,4,5,4,3,4
"879",1,3,4,3,3,4,4,3,4,3,3,3,4,2,1,2,2,3,3
"880",3,4,5,3,4,5,4,3,5,3,4,5,3,5,4,4,3,6,3
"881",3,5,4,2,4,5,4,3,5,2,3,4,4,4,3,3,4,3,4
"882",6,3,4,4,6,3,3,4,4,4,3,3,4,3,1,4,4,4,4
"883",5,5,4,4,4,3,3,4,4,4,3,4,3,4,4,4,4,3,3
"884",3,4,4,4,3,4,4,4,3,3,3,3,4,3,4,4,3,5,5
"885",5,4,4,3,4,4,4,4,4,3,4,4,3,5,3,5,4,3,5
"886",4,3,4,3,5,3,3,4,5,3,4,4,4,5,4,4,4,5,5
"887",5,4,4,4,4,4,4,4,4,3,3,4,5,2,5,4,4,4,4
"888",3,2,3,4,5,3,4,5,3,3,3,3,4,2,4,4,4,5,3
"889",3,3,3,5,3,3,3,4,4,4,3,3,4,4,4,3,4,4,3
"890",3,4,3,3,3,3,3,4,4,3,5,2,3,3,3,4,3,3,3
"891",4,4,4,4,4,3,3,4,4,5,4,4,4,4,4,6,4,4,4
"892",3,3,6,4,3,3,5,5,4,4,1,4,2,4,4,4,3,4,4
"893",3,3,4,4,4,4,4,4,3,2,4,3,3,3,5,3,4,3,4
"894",4,2,3,4,3,3,2,4,5,3,6,4,3,4,4,5,3,3,4
"895",3,3,6,5,3,4,5,4,3,5,3,3,6,4,6,3,4,4,5
"896",2,3,3,3,4,4,4,4,4,5,3,3,3,3,4,3,3,2,4
"897",2,6,4,4,4,4,3,4,3,3,3,3,4,3,4,4,4,5,3
"898",4,5,4,3,3,4,3,4,5,3,4,5,4,3,4,3,4,4,4
"899",4,2,3,3,3,4,3,4,3,3,3,3,3,3,4,4,3,3,3
"900",5,5,4,4,5,2,5,3,4,5,4,4,3,4,5,2,2,3,5
"901",3,3,3,3,4,4,3,4,3,3,4,3,4,3,3,4,3,4,6
"902",3,4,3,4,3,5,3,4,5,4,3,5,4,4,4,3,3,5,3
"903",4,4,5,4,5,5,3,4,5,4,5,4,4,4,2,4,4,3,5
"904",4,3,5,5,6,4,6,4,4,5,4,5,4,4,4,5,4,4,3
"905",5,5,3,4,2,3,4,5,2,4,5,4,3,4,6,3,4,4,4
"906",6,4,4,4,6,4,4,3,3,6,5,4,3,4,5,5,4,3,4
"907",5,4,5,5,5,5,2,5,1,4,3,5,3,1,2,4,6,5,4
"908",3,4,3,3,3,3,3,4,3,3,3,4,3,4,4,3,3,4,4
"909",3,3,4,3,4,4,4,3,4,5,4,5,3,4,5,4,5,5,5
"910",5,3,4,4,4,4,4,3,4,4,4,4,5,5,3,5,4,5,4
"911",4,3,3,4,3,4,4,5,3,4,3,4,3,5,3,4,2,4,5
"912",4,4,3,3,3,5,5,4,5,4,4,5,4,4,4,4,3,4,4
"913",3,3,3,4,3,3,4,3,3,3,4,4,3,3,3,3,4,4,3
"914",4,3,3,4,4,4,3,4,3,3,3,2,3,4,3,3,4,5,3
"915",3,4,4,5,3,4,4,6,4,4,4,3,4,4,4,4,4,3,3
"916",4,3,3,4,3,4,6,4,4,4,5,3,3,4,3,3,4,4,5
"917",4,5,5,4,4,4,4,4,5,5,4,3,5,4,4,5,4,5,3
"918",5,2,4,5,5,5,3,3,5,5,4,3,4,4,2,2,4,3,2
"919",5,4,4,3,3,3,3,3,4,4,3,3,3,3,3,3,3,3,3
"920",4,5,5,4,4,4,5,5,4,4,5,3,5,4,4,5,4,4,5
"921",5,4,4,3,3,3,3,3,4,4,3,3,3,3,3,3,3,3,3
"922",3,4,2,3,3,4,3,3,3,4,4,3,3,3,3,3,4,5,3
"923",3,4,4,3,3,4,3,5,3,4,5,3,4,4,4,3,4,3,5
"924",3,4,3,4,3,3,4,5,5,4,3,4,5,3,3,4,4,4,4
"925",5,3,4,4,4,5,5,5,2,3,5,3,4,4,5,5,1,5,3
"926",3,4,4,4,4,4,4,2,4,1,4,3,6,4,4,4,3,3,5
"927",5,5,4,4,3,3,4,3,3,3,3,4,4,5,3,4,5,3,5
"928",4,5,4,5,3,3,3,3,4,4,5,4,5,4,3,4,3,3,3
"929",4,3,3,4,4,4,5,3,5,4,3,5,4,3,6,3,4,4,2
"930",4,4,5,5,4,4,5,4,3,4,5,4,5,3,4,4,4,5,3
"931",3,4,4,3,5,2,3,3,3,4,4,5,4,5,3,3,3,4,3
"932",5,5,3,4,3,3,5,4,4,4,4,4,2,4,5,5,3,4,6
"933",4,5,4,5,4,5,4,4,3,2,4,4,3,3,3,3,3,5,4
"934",2,3,4,4,4,3,4,5,3,4,3,3,3,4,3,4,4,4,3
"935",4,5,4,4,3,6,4,5,4,4,2,5,4,4,3,4,5,5,5
"936",4,5,4,5,5,3,4,4,5,3,4,3,3,3,4,4,3,4,5
"937",4,4,4,5,3,4,5,4,5,3,4,5,3,4,5,3,3,2,5
"938",3,4,4,4,4,4,1,4,3,4,4,3,6,4,4,3,3,4,5
"939",6,4,4,4,4,3,4,4,4,5,2,4,3,4,4,5,4,3,5
"940",4,3,3,3,3,4,3,4,3,4,5,3,3,3,4,4,4,3,3
"941",3,4,5,4,4,4,6,4,5,3,5,3,4,4,5,5,4,5,4
"942",3,5,4,3,4,5,3,5,3,4,3,4,5,5,5,3,4,4,5
"943",3,3,3,3,3,3,4,3,2,1,4,4,2,2,2,3,3,4,4
"944",3,3,3,3,4,3,4,3,4,3,3,4,4,4,4,3,3,4,3
"945",3,3,3,4,2,4,4,2,4,3,4,3,5,4,3,3,2,3,4
"946",4,3,4,4,4,3,4,4,5,4,3,3,4,4,3,4,3,4,4
"947",3,3,3,3,3,3,3,4,3,4,4,3,3,4,3,4,3,3,3
"948",4,3,4,3,3,4,2,4,3,2,3,3,5,3,5,4,3,3,3
"949",4,4,4,3,4,3,4,4,3,3,3,4,2,3,3,3,3,4,3
"950",5,4,4,4,4,4,4,4,5,5,4,3,3,4,3,4,6,2,3
"951",4,5,4,4,4,3,4,5,5,4,5,3,5,6,3,5,4,4,5
"952",4,4,5,2,3,4,4,4,4,4,6,3,3,5,4,5,4,3,4
"953",4,4,6,3,5,5,3,4,5,4,4,5,4,3,5,3,5,3,5
"954",4,4,3,4,3,4,3,4,4,4,3,3,2,4,3,4,3,4,4
"955",4,5,3,5,5,4,3,4,4,4,4,3,4,5,4,4,2,3,4
"956",4,4,4,5,4,4,4,4,4,3,6,4,4,5,3,1,4,4,3
"957",3,3,3,2,3,4,4,4,5,2,5,4,4,3,2,4,3,3,3
"958",5,3,3,4,4,2,3,5,5,5,5,4,4,4,5,3,3,4,3
"959",5,4,4,5,2,5,5,5,4,3,4,3,4,3,3,4,3,3,2
"960",3,3,4,4,3,4,4,4,4,3,4,4,3,4,3,4,4,3,3
"961",4,3,3,4,3,3,3,4,4,3,6,3,4,3,3,3,4,4,3
"962",3,4,3,4,4,3,3,3,3,3,4,3,4,3,3,4,3,3,3
"963",4,5,5,5,3,3,4,4,5,2,4,4,1,5,3,3,4,5,3
"964",3,3,3,3,3,3,3,3,3,3,3,3,3,3,3,3,3,3,3
"965",5,4,4,4,5,4,4,5,6,4,3,4,4,4,4,3,4,5,4
"966",5,4,5,5,4,5,4,3,3,5,4,4,3,3,4,4,4,3,5
"967",4,5,4,3,6,5,5,4,2,4,4,4,3,4,4,4,3,4,6
"968",4,4,3,4,4,4,4,4,5,4,4,3,4,4,3,4,4,3,3
"969",5,5,4,4,3,2,4,4,6,4,4,4,5,5,3,3,4,5,3
"970",4,4,3,3,3,3,3,3,4,4,3,3,3,3,4,4,3,3,3
"971",3,3,3,4,4,4,3,3,3,3,4,3,3,3,5,4,3,3,3
"972",4,3,3,4,3,4,3,4,4,4,3,4,3,3,3,5,3,3,4
"973",3,3,4,3,3,3,4,3,3,3,4,3,3,3,4,4,3,4,4
"974",5,3,3,4,4,2,4,5,3,3,3,5,3,4,2,3,4,4,4
"975",5,4,4,4,4,3,4,3,3,5,4,4,4,2,4,4,4,5,4
"976",3,4,4,5,3,4,3,3,4,4,4,4,4,3,4,3,3,3,3
"977",3,5,4,5,3,3,3,3,4,3,5,2,4,4,5,4,1,4,4
"978",3,4,3,3,3,3,3,3,3,3,3,5,3,2,3,2,3,3,4
"979",5,3,5,5,4,4,4,3,3,3,2,3,5,5,5,4,5,5,3
"980",4,5,5,3,4,3,3,3,3,3,3,4,3,3,3,5,3,2,3
"981",5,3,5,4,5,6,5,4,5,5,4,5,5,4,4,1,3,4,5
"982",5,4,5,5,2,4,6,5,5,3,4,3,3,4,2,4,4,2,4
"983",3,4,3,3,3,4,4,3,3,4,3,4,2,3,3,3,4,3,4
"984",3,4,4,4,3,4,4,3,3,4,3,4,3,4,3,3,4,4,4
"985",4,5,4,4,3,3,3,3,4,4,3,3,5,3,4,6,3,4,3
"986",5,4,3,3,4,4,3,4,3,4,4,6,3,3,5,4,4,4,5
"987",3,3,2,4,3,3,4,4,5,3,3,5,4,3,3,6,4,5,5
"988",3,3,3,3,4,3,5,3,3,4,4,4,3,3,4,3,3,3,3
"989",3,3,5,4,5,4,3,4,4,4,3,3,3,3,4,4,4,4,4
"990",3,4,3,3,3,3,4,3,4,3,4,3,2,3,4,3,5,4,5
"991",4,4,4,5,3,4,5,4,3,4,4,3,5,4,3,3,3,4,4
"992",3,3,3,4,3,4,3,4,3,3,4,5,5,4,3,3,4,5,4
"993",5,4,5,5,4,5,4,4,3,4,3,3,3,4,5,4,3,4,4
"994",3,3,3,3,3,4,2,3,4,3,3,3,3,3,3,4,3,3,3
"995",4,4,4,3,3,3,3,4,4,3,4,4,3,3,3,5,3,3,4
"996",3,3,3,4,4,3,4,4,3,3,3,3,4,2,3,3,4,3,3
"997",4,2,5,5,4,3,4,4,4,3,3,5,3,3,3,4,4,4,4
"998",4,3,3,4,4,3,5,3,4,5,4,4,4,4,4,4,5,3,3
"999",4,3,3,4,4,4,5,3,4,4,3,4,3,3,2,1,2,5,4
"1000",4,3,4,3,3,4,4,5,3,3,3,3,3,4,4,4,5,3,2
"1001",4,3,3,4,5,3,4,3,4,4,4,3,4,4,3,5,4,4,3
"1002",4,3,4,6,5,6,5,4,5,5,6,3,5,5,4,3,3,3,2
"1003",3,3,3,3,3,4,4,4,3,4,4,3,2,3,4,3,3,4,4
"1004",4,5,3,4,3,3,4,4,4,4,5,3,3,4,4,5,3,2,5
"1005",4,3,4,4,4,3,4,4,4,4,3,3,3,3,3,5,1,4,4
"1006",4,4,5,4,4,4,4,4,5,6,3,2,3,1,5,5,5,4,5
"1007",4,3,4,3,3,4,4,3,3,3,4,4,3,4,3,3,3,3,3
"1008",4,3,3,3,4,3,4,3,4,3,5,4,4,4,4,4,3,3,2
"1009",4,4,4,5,4,4,5,6,4,3,5,5,4,5,3,4,5,4,4
"1010",4,3,4,4,5,4,2,5,3,3,3,4,1,4,4,3,4,3,4
"1011",3,4,3,3,3,3,3,3,3,3,4,4,4,4,4,3,4,4,4
"1012",3,3,3,3,3,3,3,4,3,3,3,3,3,3,4,3,4,3,3
"1013",4,4,4,4,3,3,3,4,3,3,3,3,3,4,3,3,3,3,5
"1014",5,2,3,6,5,2,1,1,1,2,3,3,4,4,4,5,5,5,3
"1015",3,3,3,4,3,4,3,3,3,3,3,4,3,3,4,4,5,4,3
"1016",4,6,4,4,4,5,5,4,5,4,5,4,4,3,4,5,3,4,5
"1017",3,4,1,3,2,5,4,2,4,3,4,3,3,3,4,3,4,4,4
"1018",4,4,4,4,3,4,3,3,3,3,2,4,3,3,3,3,4,3,3
"1019",3,3,4,5,3,2,2,2,3,4,3,4,3,3,3,3,3,3,4
"1020",3,3,3,3,4,4,3,3,4,4,3,3,3,2,2,3,4,3,3
"1021",4,4,3,3,4,4,5,4,4,3,4,3,4,3,3,3,4,4,3
"1022",4,3,3,3,3,3,3,4,3,3,3,3,3,4,4,4,3,3,3
"1023",3,3,2,2,2,4,3,4,5,2,4,1,5,4,3,3,4,3,3
"1024",3,3,4,3,3,4,4,3,3,3,4,4,3,3,4,3,3,3,4
"1025",4,5,4,4,4,5,3,5,5,3,4,5,4,3,4,3,5,3,1
"1026",5,3,3,5,5,3,4,4,4,4,3,5,4,4,3,4,5,5,2
"1027",4,4,4,4,3,4,5,3,3,2,3,3,4,3,4,4,4,3,3
"1028",4,4,3,4,4,3,4,5,3,4,4,4,3,4,4,4,4,4,4
"1029",4,4,4,4,4,3,4,4,4,3,3,4,4,3,3,3,4,4,4
"1030",4,4,4,4,4,4,4,4,4,3,3,5,4,3,4,3,2,4,4
"1031",4,3,5,4,4,2,4,3,5,5,4,3,4,3,3,3,4,4,3
"1032",4,3,4,4,4,3,4,3,5,4,4,3,1,4,3,4,4,4,4
"1033",5,3,4,3,4,3,4,4,5,3,2,2,4,4,4,4,6,3,3
"1034",5,5,4,5,4,5,5,3,4,3,5,4,4,2,4,1,3,5,4
"1035",4,4,4,4,3,3,3,3,4,4,4,4,3,2,4,4,4,4,4
"1036",3,2,3,4,3,3,4,3,3,3,3,3,3,2,4,3,3,5,4
"1037",6,5,3,3,4,4,3,4,3,3,4,4,5,3,3,5,3,4,3
"1038",4,3,2,3,5,3,5,3,3,3,3,4,3,3,4,4,4,4,5
"1039",4,4,3,4,3,3,4,4,4,4,4,4,3,2,4,4,4,4,4
"1040",3,4,5,4,3,4,2,4,4,4,3,5,3,3,3,3,4,4,2
"1041",3,3,4,4,3,4,3,3,3,3,6,4,4,3,3,3,4,3,3
"1042",5,5,3,5,4,5,3,5,3,3,4,4,4,3,5,5,5,4,5
"1043",4,3,5,5,4,4,5,4,3,4,4,3,4,5,3,4,4,3,4
"1044",3,4,3,3,3,3,4,3,4,3,3,3,4,4,3,3,4,3,2
"1045",3,3,2,4,4,4,3,4,4,3,4,4,4,3,5,5,2,4,4
"1046",3,3,4,3,3,4,2,4,3,3,4,3,4,2,3,3,3,3,3
"1047",5,5,4,5,4,3,4,3,3,4,4,4,6,3,3,4,3,3,3
"1048",4,3,3,4,3,3,3,3,3,4,4,4,3,3,3,3,3,3,4
"1049",3,3,4,3,3,3,3,2,3,4,4,4,3,3,3,3,4,4,3
"1050",5,3,2,3,4,3,3,3,4,5,3,3,3,4,3,5,4,4,4
"1051",3,4,4,3,3,5,3,4,4,3,4,5,3,4,3,3,4,4,4
"1052",5,4,4,5,4,4,2,4,3,5,3,4,4,5,4,3,4,3,5
"1053",3,3,3,3,3,4,3,3,3,4,3,4,3,3,4,3,5,5,3
"1054",3,3,4,3,3,4,4,3,3,3,3,5,5,3,4,3,3,3,4
"1055",3,3,4,5,5,3,4,4,5,3,3,5,4,4,3,3,4,3,4
"1056",4,5,5,3,4,5,5,4,3,3,4,3,4,4,4,5,4,4,4
"1057",4,4,3,3,3,4,3,4,4,4,3,4,3,3,3,3,4,5,3
"1058",3,3,4,4,4,4,3,3,3,3,3,3,4,4,2,4,4,3,3
"1059",3,4,3,4,3,3,6,4,4,3,3,3,4,3,3,3,3,4,3
"1060",3,2,3,3,3,3,6,4,4,3,3,5,3,4,3,3,4,4,3
"1061",3,3,3,4,3,3,3,3,3,3,3,3,3,3,3,3,3,3,3
"1062",4,4,5,4,3,4,4,4,4,4,5,5,4,5,3,3,3,4,4
"1063",3,3,5,4,5,4,3,3,4,3,3,2,2,3,4,4,3,3,3
"1064",4,5,4,3,5,3,3,4,4,3,5,4,4,4,5,4,3,3,4
"1065",5,4,4,4,4,3,5,5,5,4,4,4,3,3,3,4,3,4,3
"1066",4,4,4,3,3,4,4,4,3,4,4,4,3,4,3,3,3,4,3
"1067",4,4,3,4,3,2,3,2,4,3,2,4,4,2,1,4,4,3,3
"1068",3,4,2,3,3,3,1,4,4,3,2,3,3,4,3,4,2,4,2
"1069",5,4,4,3,4,4,5,3,4,4,3,2,4,4,5,3,4,4,5
"1070",4,3,4,4,3,3,5,4,2,4,4,4,3,3,4,4,5,4,4
"1071",3,3,4,3,4,5,4,4,3,3,4,4,5,4,3,5,5,3,3
"1072",2,3,4,4,3,3,3,3,4,3,3,4,4,4,2,4,2,2,3
"1073",4,5,4,4,3,3,4,4,5,2,4,4,3,3,4,4,4,4,4
"1074",3,4,4,4,5,3,3,4,3,4,3,4,4,3,2,4,3,3,5
"1075",6,4,4,5,4,3,4,4,4,3,3,5,3,3,4,3,5,4,4
"1076",4,5,5,4,3,2,3,3,3,3,3,4,3,4,4,3,4,3,3
"1077",4,5,3,3,4,3,5,4,5,5,4,4,4,3,4,3,5,4,4
"1078",4,4,3,4,3,4,4,3,4,3,4,4,2,4,3,5,3,5,4
"1079",4,4,3,4,3,3,4,3,4,5,4,3,3,4,4,5,5,5,4
"1080",4,4,5,5,4,4,4,5,5,5,3,3,5,4,4,4,4,3,3
"1081",4,1,4,3,4,4,3,5,5,4,4,3,3,4,4,4,3,4,4
"1082",3,3,3,3,3,4,4,3,4,3,4,2,4,3,4,3,3,4,3
"1083",4,4,4,4,4,3,4,3,4,2,3,3,5,3,4,4,3,4,4
"1084",3,4,3,3,3,4,3,4,4,4,3,4,2,4,4,4,3,4,4
"1085",4,4,5,3,4,4,4,4,3,3,3,5,4,4,4,3,4,4,4
"1086",3,3,3,6,4,3,1,5,4,4,5,4,4,4,4,2,4,3,4
"1087",3,4,5,4,5,4,3,4,5,4,4,3,4,4,3,6,5,4,4
"1088",3,3,3,3,3,4,3,2,2,3,5,4,3,3,4,3,4,4,3
"1089",3,5,4,5,4,5,4,5,5,3,4,3,5,3,2,1,2,4,4
"1090",2,3,3,3,3,4,2,3,3,3,3,3,4,3,2,4,2,4,2
"1091",4,4,5,4,5,5,4,4,5,4,5,3,4,4,2,3,5,4,5
"1092",3,4,3,3,3,5,3,4,3,4,3,4,5,3,4,4,4,4,5
"1093",3,4,3,3,3,3,3,3,3,3,4,3,4,3,3,3,4,4,5
"1094",3,3,3,4,3,4,3,3,3,4,3,4,4,3,3,4,3,4,4
"1095",4,4,4,5,3,4,3,3,4,5,5,4,4,3,4,5,4,3,4
"1096",4,4,3,3,3,4,5,4,4,3,4,3,4,5,3,4,5,4,4
"1097",4,4,4,3,5,2,4,4,6,3,4,4,5,4,4,4,2,4,4
"1098",4,5,4,5,4,5,4,3,5,5,5,5,2,2,3,5,4,5,4
"1099",3,3,3,4,3,3,3,3,3,5,3,4,3,3,3,3,3,4,4
"1100",3,4,3,3,2,3,6,4,1,4,3,2,5,4,3,4,4,4,3
"1101",4,2,3,4,4,3,4,4,3,4,3,4,4,4,4,3,3,3,5
"1102",5,4,5,6,3,5,4,4,2,5,4,4,5,3,3,4,4,4,3
"1103",1,3,3,3,3,3,3,3,3,3,3,3,4,2,4,5,4,4,4
"1104",5,4,5,4,4,6,3,3,5,5,3,4,4,5,4,3,4,3,3
"1105",6,5,4,4,2,5,3,4,4,5,4,4,4,5,3,3,3,3,4
"1106",4,4,4,5,3,4,4,5,4,3,3,2,5,4,4,5,3,3,5
"1107",3,3,4,4,5,5,3,2,4,4,3,4,2,2,4,3,5,5,5
"1108",4,3,5,4,6,4,5,5,2,4,5,4,4,4,4,5,4,1,4
"1109",4,3,3,4,4,5,3,3,4,5,4,5,3,4,4,3,3,3,4
"1110",4,3,2,4,3,4,4,5,4,3,4,5,3,3,4,3,4,4,4
"1111",4,4,3,3,4,3,4,3,3,3,4,4,3,3,4,3,4,3,4
"1112",3,3,3,3,4,4,3,3,3,4,3,4,4,3,3,3,4,4,3
"1113",4,3,4,3,3,3,3,3,3,3,3,3,3,3,4,3,6,4,3
"1114",3,4,4,3,3,4,3,3,4,4,3,3,4,3,4,3,3,4,3
"1115",6,4,4,5,2,4,4,3,3,4,4,4,4,5,5,4,1,3,4
"1116",4,4,3,3,2,3,4,4,4,3,3,4,4,4,3,4,3,4,4
"1117",3,5,4,4,5,5,5,3,5,5,4,5,4,3,4,3,3,4,4
"1118",3,3,3,4,4,4,3,4,4,3,3,3,3,4,4,3,3,3,4
"1119",3,3,3,4,3,4,3,3,4,3,4,3,3,3,4,3,3,4,3
"1120",3,3,3,3,3,3,4,4,3,3,3,3,4,3,4,4,4,3,4
"1121",4,4,3,3,4,3,4,5,5,3,3,3,3,4,4,3,4,3,5
"1122",4,4,3,5,3,4,3,4,3,5,4,3,3,3,3,4,2,3,4
"1123",4,4,3,3,3,5,4,3,4,3,3,4,4,2,3,3,3,4,3
"1124",3,3,3,4,3,4,3,4,4,4,3,4,3,4,4,3,3,3,3
"1125",3,2,3,3,3,4,3,3,6,3,3,4,3,4,5,4,4,3,3
"1126",4,4,5,3,4,5,3,3,3,3,4,3,5,3,3,3,4,5,6
"1127",4,4,4,5,5,3,4,4,5,5,6,4,3,3,3,6,5,3,4
"1128",4,3,4,3,4,3,4,4,4,3,4,4,5,5,3,4,4,3,4
"1129",3,4,5,3,4,5,4,2,5,3,4,4,4,4,4,4,4,3,4
"1130",3,4,4,4,4,4,3,4,3,3,3,3,3,5,4,3,3,3,4
"1131",4,4,3,3,4,3,3,5,5,3,3,3,3,4,3,3,4,5,3
"1132",4,4,3,4,3,3,4,3,4,4,4,5,3,3,4,4,3,3,3
"1133",4,4,3,3,4,4,2,4,4,3,5,4,3,5,5,3,3,3,3
"1134",4,4,3,3,4,3,4,4,2,4,4,4,4,1,3,4,5,4,4
"1135",3,2,3,3,4,3,3,3,3,3,3,5,4,3,4,4,3,2,2
"1136",4,3,5,3,4,4,4,5,4,4,4,5,3,3,3,5,4,5,3
"1137",4,4,4,5,3,4,3,3,4,4,3,5,4,4,4,3,4,4,4
"1138",4,4,5,3,2,4,3,3,4,3,3,4,4,3,5,2,4,3,6
"1139",4,3,3,4,4,4,5,4,1,2,4,6,4,4,4,4,4,3,4
"1140",4,4,5,5,5,4,4,4,5,5,4,4,3,4,3,4,3,5,4
"1141",4,4,5,3,4,4,4,4,3,3,4,4,3,3,5,4,4,3,4
"1142",4,3,4,4,2,4,4,5,2,3,1,4,4,4,3,4,3,2,3
"1143",2,1,4,3,2,3,3,3,4,3,3,3,4,5,4,4,3,3,2
"1144",4,4,4,3,4,3,4,5,4,5,4,4,4,3,4,4,5,4,3
"1145",4,3,4,4,3,3,2,3,4,3,4,3,4,4,3,3,3,3,5
"1146",4,4,3,4,4,3,3,4,5,4,3,4,4,3,3,3,2,3,3
"1147",4,4,2,3,4,3,3,3,3,3,3,3,3,4,3,3,4,4,3
"1148",4,3,4,4,4,4,2,3,3,5,4,3,4,4,3,4,3,4,3
"1149",3,3,4,3,4,4,3,3,3,3,3,2,3,3,3,4,3,4,3
"1150",5,3,4,3,4,4,3,2,4,3,4,4,3,4,4,3,4,4,4
"1151",3,3,3,4,3,3,3,4,4,4,3,4,3,3,3,3,4,3,4
"1152",3,3,5,3,3,5,4,2,3,5,3,3,5,4,3,3,4,4,3
"1153",6,3,4,3,3,3,3,4,4,4,5,5,4,4,4,4,4,4,4
"1154",3,3,3,3,4,3,3,3,4,3,4,3,4,3,4,4,4,3,4
"1155",3,3,4,3,5,3,4,3,4,3,3,3,3,4,3,3,4,4,3
"1156",4,3,3,4,3,4,3,4,3,4,2,3,3,3,3,3,3,3,3
"1157",2,3,3,3,3,4,4,4,5,3,3,3,4,3,5,4,3,5,3
"1158",3,3,2,3,4,3,4,4,3,3,3,3,4,5,3,4,4,3,3
"1159",3,4,4,3,4,5,4,4,3,4,3,3,3,3,3,4,4,3,3
"1160",3,4,3,3,3,4,3,3,3,3,5,4,3,3,3,3,3,3,5
"1161",3,3,3,4,3,3,4,3,3,3,2,3,4,3,3,3,3,4,4
"1162",3,5,2,4,2,2,1,4,4,3,5,3,5,4,2,4,4,3,3
"1163",3,2,3,3,3,2,3,4,4,4,3,3,4,3,4,4,3,4,3
"1164",4,2,3,1,4,4,3,2,4,4,4,3,2,4,4,3,5,3,2
"1165",4,3,3,3,4,4,4,4,3,3,3,3,3,3,3,4,3,6,4
"1166",5,4,4,6,5,4,4,4,3,4,4,3,4,3,4,2,3,4,3
"1167",3,3,3,4,5,3,3,3,3,3,3,3,3,4,4,4,3,3,3
"1168",3,4,4,3,3,4,4,3,3,4,3,3,3,3,4,3,3,3,4
"1169",3,3,4,3,3,3,4,4,4,3,4,3,3,3,3,4,4,4,3
"1170",4,4,4,3,4,4,3,5,4,4,3,3,4,5,4,4,3,4,4
"1171",4,3,3,3,4,4,3,4,3,3,3,3,3,3,3,3,3,3,3
"1172",4,4,3,4,3,4,3,3,5,4,2,3,5,4,4,4,3,3,3
"1173",3,3,4,3,3,3,3,3,5,3,3,3,3,4,3,3,3,4,4
"1174",3,3,2,4,4,3,3,3,3,3,4,4,3,4,4,3,3,5,4
"1175",3,4,4,4,3,4,3,3,3,3,4,2,4,3,4,3,3,3,4
"1176",4,4,3,2,5,3,2,3,3,4,3,3,3,4,3,4,3,3,4
"1177",5,3,4,4,4,3,3,4,3,3,3,3,4,3,5,4,3,3,4
"1178",4,3,3,3,3,3,3,4,5,3,3,4,3,3,5,3,3,2,3
"1179",4,4,5,5,4,4,4,4,4,4,5,4,2,4,3,4,4,4,3
"1180",4,3,4,3,3,4,4,3,4,4,3,3,4,2,3,5,3,3,4
"1181",3,2,1,3,4,3,3,3,3,3,3,3,4,2,3,2,3,3,3
"1182",4,4,4,4,5,3,3,4,3,3,4,4,3,3,3,4,3,3,5
"1183",3,3,4,3,3,4,4,4,3,4,3,4,4,3,3,3,3,2,3
"1184",3,3,3,3,3,6,3,3,4,3,3,2,4,4,3,4,4,4,3
"1185",3,4,4,3,3,4,3,3,3,3,4,3,4,3,3,5,4,2,3
"1186",3,3,4,3,3,5,4,3,5,3,3,3,3,4,3,3,3,4,3
"1187",3,4,4,3,4,3,5,4,4,3,3,4,3,4,2,5,4,6,3
"1188",3,3,3,5,5,4,4,4,3,4,3,5,4,3,2,3,3,3,2
"1189",3,3,3,3,3,3,3,3,3,3,3,3,3,3,3,3,4,3,4
"1190",3,4,5,4,2,3,4,3,3,5,4,3,5,3,4,3,3,4,3
"1191",3,3,3,4,3,3,3,4,4,3,2,4,3,2,4,3,3,4,2
"1192",4,4,3,4,3,4,4,3,4,4,3,3,3,4,4,4,4,2,2
"1193",4,3,4,5,3,4,4,3,5,4,2,4,4,3,3,4,4,4,4
"1194",3,3,3,3,5,5,4,3,3,4,2,3,3,3,3,3,4,3,4
"1195",3,4,4,4,5,4,5,3,3,2,3,4,4,4,4,3,5,4,3
"1196",3,3,4,4,5,2,4,5,3,4,5,1,3,4,4,4,4,3,4
"1197",3,4,4,4,5,4,4,4,4,5,2,4,4,5,3,3,3,2,3
"1198",4,3,4,3,2,3,3,3,3,3,4,5,3,3,4,5,4,3,4
"1199",3,3,3,3,3,3,3,3,3,3,3,4,4,4,3,5,3,5,5
"1200",4,2,4,4,3,3,5,1,4,3,6,4,4,3,3,5,4,4,3
"1201",3,3,2,4,3,5,3,4,3,4,4,3,3,2,3,5,4,3,4
"1202",4,4,4,3,4,4,3,5,4,3,3,5,4,3,3,4,3,5,3
"1203",3,4,2,3,3,3,5,3,3,4,3,4,4,4,3,3,3,3,4
"1204",3,3,3,3,3,3,3,3,3,3,3,3,3,3,3,3,3,3,3
"1205",4,3,4,4,4,4,3,3,3,3,5,5,4,4,4,4,4,3,4
"1206",4,3,5,4,4,4,5,3,3,3,3,2,4,3,4,4,4,3,5
"1207",4,2,4,4,5,2,4,6,4,5,4,5,3,3,3,4,4,5,4
"1208",3,3,2,4,4,5,3,3,3,3,3,3,4,3,4,3,3,4,3
"1209",4,4,4,3,4,5,4,3,4,2,4,4,3,4,4,3,4,4,3
"1210",5,4,2,3,3,3,4,3,4,4,3,4,3,3,4,5,5,4,5
"1211",4,3,4,4,3,3,3,4,3,5,3,4,3,4,5,3,4,4,3
"1212",5,4,3,3,3,4,4,4,3,3,4,4,4,3,3,4,4,3,6
"1213",4,3,5,4,3,2,1,3,3,5,3,3,3,4,3,3,4,5,4
"1214",3,3,2,4,3,3,3,3,3,3,4,4,3,3,4,4,4,3,2
"1215",5,2,4,3,3,2,3,3,4,4,3,5,5,3,5,3,2,3,4
"1216",4,3,4,3,4,4,3,3,2,4,4,3,3,4,4,4,2,2,4
"1217",3,3,5,3,5,4,3,3,5,2,4,3,5,3,3,3,5,3,4
"1218",4,3,3,4,3,3,3,4,4,4,4,3,3,3,3,6,3,3,3
"1219",4,4,3,3,6,4,5,4,3,3,3,4,3,3,4,3,4,3,3
"1220",2,3,5,4,4,2,4,2,1,4,5,4,3,3,4,5,3,4,3
"1221",4,3,4,3,3,3,3,3,3,3,3,3,4,4,4,4,3,3,3
"1222",4,6,4,4,3,4,4,4,3,4,4,2,1,5,4,3,4,3,3
"1223",4,3,3,3,3,3,3,3,4,3,5,3,3,4,3,4,4,3,3
"1224",4,4,4,4,4,3,4,4,2,4,3,4,3,3,4,3,6,5,4
"1225",4,4,4,3,3,3,3,5,3,3,3,3,3,2,3,4,4,3,5
"1226",4,3,4,3,3,3,3,3,3,3,3,6,3,4,4,4,4,3,3
"1227",4,3,3,3,3,3,3,3,4,3,5,3,3,4,3,4,4,3,3
"1228",4,4,3,4,4,4,4,5,4,4,4,5,3,4,4,4,5,5,5
"1229",4,4,4,4,4,3,3,3,2,3,4,4,4,3,4,3,3,5,3
"1230",4,5,4,4,4,5,2,4,3,1,5,4,4,5,4,4,3,4,3
"1231",4,4,4,5,4,3,4,6,4,5,4,3,3,3,4,5,4,4,3
"1232",4,4,3,3,4,4,4,4,2,5,4,5,3,1,3,3,3,4,5
"1233",3,4,3,3,3,4,4,3,3,2,3,3,3,6,4,4,4,3,3
"1234",4,4,5,5,5,4,4,4,5,3,5,4,4,3,4,3,5,2,5
"1235",3,4,4,3,3,5,4,5,4,4,4,4,4,4,3,4,3,4,4
"1236",3,3,3,4,5,3,4,4,3,3,3,3,6,3,3,4,5,4,3
"1237",4,3,4,4,3,3,3,4,2,4,5,3,4,3,3,4,4,3,5
"1238",4,5,6,4,5,2,4,3,3,4,4,5,5,3,4,4,5,3,4
"1239",3,4,4,3,4,5,3,3,4,3,4,4,3,3,4,3,5,3,3
"1240",2,4,3,4,3,4,2,3,3,3,3,3,3,2,3,3,3,5,4
"1241",3,4,4,2,5,4,4,4,2,3,4,3,4,4,3,5,3,2,4
"1242",3,4,4,3,3,3,3,4,4,4,3,3,3,4,3,3,4,3,3
"1243",5,5,4,5,4,3,4,5,2,4,3,4,3,5,3,1,4,3,3
"1244",4,3,4,4,4,3,3,5,3,3,3,3,3,5,5,3,3,4,3
"1245",4,3,4,3,5,3,4,4,4,4,3,3,4,4,4,4,4,4,3
"1246",3,4,5,3,4,4,4,3,4,3,4,3,4,3,3,4,4,3,4
"1247",5,4,4,3,4,3,2,3,5,3,5,3,4,3,4,4,3,4,3
"1248",4,6,5,4,4,4,4,5,4,3,5,4,4,3,2,4,5,3,4
"1249",5,4,4,4,5,3,4,4,5,3,4,3,4,4,3,4,4,4,3
"1250",3,4,4,4,3,4,4,5,3,3,3,3,4,3,3,4,4,3,3
"1251",3,5,3,3,5,5,4,2,4,6,4,4,3,3,3,3,3,4,5
"1252",5,4,5,6,4,4,4,4,3,5,4,3,3,3,3,3,3,4,3
"1253",5,4,5,6,4,4,4,4,3,5,4,3,3,3,3,3,3,4,3
"1254",2,3,3,4,3,3,4,4,5,4,2,3,3,4,6,2,3,4,4
"1255",3,4,3,3,3,3,3,3,5,3,3,3,3,4,4,5,3,4,3
"1256",2,1,3,4,4,4,4,3,3,3,2,4,3,2,3,3,3,5,3
"1257",3,4,4,3,2,2,2,4,4,3,4,1,3,2,3,3,5,2,4
"1258",3,3,6,5,2,4,4,3,4,1,4,5,4,4,3,3,3,3,3
"1259",4,3,4,3,4,3,3,4,4,2,3,3,3,3,3,3,3,4,3
"1260",4,4,3,3,4,4,4,4,3,2,5,3,4,4,4,2,3,4,4
"1261",4,3,3,2,3,3,3,4,4,4,3,3,4,4,4,5,3,3,3
"1262",4,4,3,4,5,5,4,4,3,4,4,3,3,4,2,4,3,3,3
"1263",4,3,2,4,4,2,1,4,4,4,4,5,3,3,3,3,3,2,4
"1264",2,3,4,3,3,4,3,3,3,3,3,2,3,5,3,3,5,3,2
"1265",6,4,4,4,4,3,4,4,5,3,3,3,6,4,4,3,5,4,5
"1266",4,4,4,2,4,4,3,3,4,5,3,6,3,4,3,4,4,4,4
"1267",4,3,3,3,4,3,3,3,3,3,3,4,3,3,3,3,3,3,3
"1268",4,4,1,4,3,6,3,4,4,4,3,4,4,4,4,3,4,4,4
"1269",5,5,4,4,4,3,4,4,1,4,3,5,3,2,4,4,3,3,5
"1270",3,3,5,3,4,5,4,5,3,2,4,3,4,3,5,4,4,4,4
"1271",3,2,3,3,4,4,1,2,3,3,4,3,5,2,3,4,3,3,4
"1272",4,4,4,4,2,3,4,3,4,3,5,3,4,3,5,4,3,4,3
"1273",3,3,3,3,4,3,3,3,4,4,3,4,4,3,4,4,3,4,5
"1274",3,3,3,3,4,3,3,3,4,4,4,4,3,3,4,4,4,4,3
"1275",4,3,2,3,3,4,3,2,4,3,3,3,4,4,3,3,3,2,3
"1276",5,2,4,3,4,4,6,5,4,3,3,3,3,2,4,5,4,4,5
"1277",2,3,3,3,3,3,3,2,3,4,3,4,5,3,3,3,4,4,3
"1278",4,3,2,4,4,4,3,2,3,2,4,3,4,4,3,3,3,3,3
"1279",6,4,3,2,4,4,5,4,4,3,3,3,4,3,4,3,4,4,4
"1280",3,3,4,4,3,4,3,4,5,4,3,3,3,5,4,4,4,3,3
"1281",2,3,4,3,3,3,4,3,4,3,3,4,4,4,4,5,3,4,4
"1282",3,3,3,3,3,4,4,4,4,3,4,4,4,4,1,4,2,6,3
"1283",4,5,3,4,4,3,3,4,5,5,5,3,3,4,4,5,5,4,5
"1284",3,3,4,4,4,3,3,4,3,3,4,3,3,3,4,3,3,3,4
"1285",4,3,4,4,3,3,4,3,3,3,3,4,3,3,3,3,4,2,4
"1286",4,3,4,4,3,4,3,3,3,3,4,3,4,3,3,4,2,3,3
"1287",4,4,4,4,5,4,4,3,3,4,5,3,3,4,4,4,3,3,3
"1288",3,4,4,3,4,3,4,4,4,4,3,2,4,4,3,3,5,5,4
"1289",3,4,3,3,4,4,4,3,3,3,4,3,3,3,4,4,4,3,3
"1290",4,5,3,4,4,4,3,5,5,2,3,4,4,3,4,6,5,5,2
"1291",3,3,3,3,3,4,3,3,4,3,3,4,3,4,3,3,4,5,4
"1292",4,3,4,3,3,2,4,4,3,4,4,4,4,3,3,4,4,3,3
"1293",3,4,4,4,4,4,3,4,4,4,3,5,5,2,3,4,4,4,3
"1294",4,4,5,3,5,2,3,5,4,4,3,4,3,4,4,4,4,3,3
"1295",3,4,3,3,3,3,5,3,3,4,4,4,4,4,4,4,5,3,3
"1296",5,4,4,5,4,4,6,4,2,4,3,3,4,4,4,4,4,4,5
"1297",3,4,5,4,4,4,4,4,3,3,4,4,4,4,3,4,4,3,3
"1298",3,4,4,4,4,4,5,3,5,4,2,3,3,4,1,3,4,4,6
"1299",4,3,4,4,4,5,3,5,4,4,4,3,4,3,4,6,3,5,4
"1300",5,5,4,3,4,3,4,4,4,4,5,5,2,6,3,3,4,5,4
"1301",6,2,3,4,4,4,4,4,5,4,4,3,3,4,5,4,4,3,3
"1302",3,3,4,4,4,3,4,3,3,4,3,3,4,4,3,4,3,2,3
"1303",4,4,5,3,3,4,6,4,5,4,4,4,4,3,5,4,2,4,5
"1304",3,3,3,4,4,3,4,3,5,4,4,4,4,5,4,4,3,4,4
"1305",3,5,4,3,4,3,4,4,3,4,4,4,4,4,4,3,4,4,4
"1306",3,3,4,4,4,4,4,4,3,4,4,3,4,4,3,5,3,3,1
"1307",4,4,5,3,4,4,3,4,4,5,4,5,4,5,3,4,4,2,4
"1308",4,4,3,3,4,4,3,4,3,4,4,3,5,3,4,3,3,4,3
"1309",2,3,2,4,3,3,5,4,3,3,4,4,4,5,3,4,4,3,3
"1310",4,4,3,5,1,4,4,4,4,3,3,4,4,3,5,5,3,3,4
"1311",4,4,4,4,4,5,5,4,4,3,4,4,4,5,4,3,3,4,4
"1312",4,4,4,5,5,5,4,4,4,3,5,5,4,4,4,4,4,3,3
"1313",5,4,4,5,5,3,4,4,3,3,5,4,2,3,4,3,3,4,5
"1314",5,4,5,4,6,4,3,3,3,3,3,3,3,4,4,2,4,4,3
"1315",4,3,3,3,4,4,2,6,3,3,4,3,4,4,3,4,5,5,4
"1316",5,3,5,4,4,4,4,5,5,5,5,3,3,4,4,5,5,4,2
"1317",3,4,5,3,4,3,4,5,4,3,5,4,1,5,4,4,3,4,4
"1318",4,2,4,4,4,4,5,3,4,4,4,4,3,3,4,4,3,5,3
"1319",3,4,4,3,3,4,3,4,4,6,4,4,5,4,4,3,4,3,4
"1320",3,3,3,4,4,4,4,4,3,1,4,4,4,4,4,3,4,4,6
"1321",5,3,4,4,3,3,4,5,4,3,5,3,5,3,4,3,5,3,4
"1322",3,4,3,3,3,4,3,4,3,4,4,1,4,4,4,3,4,4,4
"1323",4,5,5,4,4,4,4,6,5,3,4,4,3,4,4,3,3,4,3
"1324",4,4,4,4,4,4,6,4,2,4,3,4,3,4,3,4,4,4,4
"1325",3,4,3,4,3,3,5,3,5,4,4,4,3,5,3,2,4,4,3
"1326",3,3,3,3,3,3,4,3,3,3,3,3,4,3,3,3,3,3,5
"1327",3,3,3,3,3,3,3,3,3,3,3,3,3,3,3,3,3,3,3
"1328",3,4,5,4,4,3,3,3,5,4,3,3,2,3,2,4,5,4,3
"1329",4,4,3,4,3,5,3,4,4,5,4,3,4,4,3,3,5,3,4
"1330",4,4,4,3,4,3,4,4,4,3,4,5,3,3,4,3,4,4,3
"1331",4,4,4,4,4,3,4,4,4,3,3,3,5,4,4,4,3,5,4
"1332",4,5,4,4,5,3,4,4,4,4,4,3,5,4,3,4,3,3,4
"1333",5,3,4,4,5,3,4,4,5,4,4,5,4,4,4,4,4,3,4
"1334",4,5,5,4,4,4,4,3,4,4,2,3,6,4,5,4,4,4,3
"1335",3,4,3,3,4,3,3,3,3,3,3,3,3,4,3,3,3,3,3
"1336",3,3,3,3,3,3,5,4,3,4,4,6,4,5,4,5,4,3,3
"1337",4,3,3,3,3,3,4,4,3,3,3,3,4,3,3,4,3,3,3
"1338",4,5,5,3,3,4,4,4,5,4,2,5,5,5,4,3,4,5,3
"1339",4,6,5,4,4,5,4,4,4,3,2,3,4,4,4,3,4,3,4
"1340",3,4,5,3,4,3,2,4,4,5,3,5,3,3,4,4,5,5,3
"1341",4,3,4,5,4,5,4,4,3,4,4,2,4,4,3,3,4,4,5
"1342",5,4,4,3,4,5,4,2,4,4,3,4,4,4,5,4,4,3,3
"1343",3,4,4,4,5,4,4,5,4,4,4,4,4,5,4,5,4,4,3
"1344",5,4,3,5,3,5,3,4,4,4,4,5,4,4,5,4,3,4,5
"1345",3,5,3,4,3,5,4,3,3,3,4,3,3,4,3,4,3,3,3
"1346",3,5,4,5,4,4,4,3,4,4,4,5,3,3,4,4,2,3,4
"1347",4,4,4,4,4,4,3,5,1,4,5,2,4,3,4,4,3,4,4
"1348",3,4,3,3,3,4,4,4,3,4,4,4,4,3,4,5,3,5,3
"1349",3,4,4,3,3,4,3,1,3,4,4,3,4,5,4,5,4,4,4
"1350",5,5,3,3,3,3,3,3,3,4,4,3,3,3,3,3,4,4,3
"1351",3,4,4,4,3,3,4,4,3,4,3,3,2,4,3,3,3,4,3
"1352",5,5,4,4,3,4,3,4,4,4,3,4,3,4,4,4,4,3,4
"1353",3,4,3,4,3,4,4,4,4,4,5,4,4,3,5,6,4,3,4
"1354",4,4,4,4,4,4,4,3,3,3,4,3,4,4,5,3,3,4,4
"1355",4,4,5,4,4,3,4,4,4,5,3,4,4,4,4,3,3,3,3
"1356",3,4,4,3,4,6,4,5,3,5,4,4,4,3,5,2,4,3,3
"1357",4,4,4,3,4,4,3,3,2,1,5,4,6,5,4,3,3,5,5
"1358",3,4,3,3,4,4,6,5,3,4,5,4,4,4,3,2,5,4,4
"1359",4,4,3,4,3,4,2,4,3,4,3,3,4,3,3,5,4,3,3
